"age","job","marital","education","default","balance","housing","loan","contact","day","month","duration","campaign","pdays","previous","poutcome","y"
59,"blue-collar","married","secondary","no",0,"yes","no","unknown",5,"may",226,1,-1,0,"unknown","no"
31,"blue-collar","married","secondary","no",360,"yes","yes","cellular",29,"jan",89,1,241,1,"failure","no"
25,"blue-collar","single","primary","no",-221,"yes","no","unknown",23,"may",250,1,-1,0,"unknown","no"
55,"blue-collar","married","primary","no",627,"yes","no","unknown",5,"may",247,1,-1,0,"unknown","no"
32,"blue-collar","married","secondary","no",2089,"yes","no","cellular",14,"nov",132,1,-1,0,"unknown","yes"
52,"blue-collar","married","secondary","no",1117,"yes","no","cellular",13,"may",365,1,-1,0,"unknown","no"
55,"blue-collar","married","primary","no",145,"no","no","telephone",2,"feb",59,3,5,2,"other","no"
26,"blue-collar","married","primary","no",0,"yes","no","unknown",21,"may",425,1,-1,0,"unknown","no"
45,"blue-collar","divorced","primary","no",844,"no","no","unknown",5,"jun",1018,3,-1,0,"unknown","yes"
53,"blue-collar","married","secondary","no",2231,"yes","no","cellular",14,"jul",272,3,-1,0,"unknown","no"
41,"blue-collar","married","primary","no",-516,"no","yes","telephone",8,"jul",554,3,-1,0,"unknown","no"
51,"blue-collar","divorced","secondary","no",203,"yes","no","cellular",8,"may",134,1,170,5,"failure","no"
41,"blue-collar","divorced","secondary","no",174,"yes","no","cellular",14,"may",367,2,297,1,"other","no"
50,"blue-collar","divorced","primary","no",388,"no","no","cellular",5,"feb",701,1,-1,0,"unknown","no"
51,"blue-collar","married","primary","no",1466,"yes","no","unknown",7,"may",406,2,-1,0,"unknown","no"
35,"blue-collar","single","primary","no",293,"yes","no","unknown",30,"may",521,2,-1,0,"unknown","no"
34,"blue-collar","married","secondary","no",1831,"yes","no","unknown",20,"may",203,2,-1,0,"unknown","no"
39,"blue-collar","married","primary","no",111,"no","no","cellular",18,"nov",201,2,-1,0,"unknown","no"
34,"blue-collar","married","primary","no",455,"yes","no","unknown",20,"jun",372,3,-1,0,"unknown","no"
57,"blue-collar","married","secondary","no",14093,"no","no","cellular",11,"aug",231,5,-1,0,"unknown","no"
36,"blue-collar","divorced","secondary","no",2843,"no","no","cellular",12,"feb",473,1,182,1,"success","no"
36,"blue-collar","married","secondary","no",0,"yes","no","unknown",6,"may",337,1,-1,0,"unknown","no"
37,"blue-collar","married","secondary","no",427,"yes","yes","unknown",9,"jun",371,3,-1,0,"unknown","no"
33,"blue-collar","single","secondary","no",22,"no","no","cellular",30,"jan",76,2,207,1,"failure","no"
39,"blue-collar","married","primary","no",52,"no","no","cellular",13,"aug",69,1,-1,0,"unknown","no"
45,"blue-collar","married","primary","no",419,"no","no","cellular",18,"aug",113,4,-1,0,"unknown","no"
36,"blue-collar","married","secondary","no",-231,"no","yes","cellular",15,"jul",779,2,-1,0,"unknown","no"
32,"blue-collar","single","secondary","no",228,"no","no","telephone",5,"feb",176,1,288,3,"failure","no"
41,"blue-collar","married","primary","no",168,"yes","no","cellular",18,"nov",187,3,-1,0,"unknown","no"
37,"blue-collar","married","primary","no",0,"yes","no","unknown",26,"may",24,1,-1,0,"unknown","no"
43,"blue-collar","married","unknown","yes",-715,"yes","no","unknown",30,"may",67,3,-1,0,"unknown","no"
34,"blue-collar","married","tertiary","no",20,"no","no","unknown",4,"oct",10,1,-1,0,"unknown","no"
45,"blue-collar","divorced","secondary","no",1269,"yes","no","cellular",29,"jan",549,2,-1,0,"unknown","no"
32,"blue-collar","single","secondary","no",1143,"yes","yes","cellular",10,"jul",412,1,-1,0,"unknown","no"
49,"blue-collar","married","primary","no",0,"yes","yes","telephone",23,"jul",97,6,-1,0,"unknown","no"
27,"blue-collar","single","secondary","no",5563,"yes","no","unknown",30,"may",435,2,-1,0,"unknown","no"
29,"blue-collar","single","tertiary","no",455,"no","no","telephone",21,"apr",403,1,-1,0,"unknown","yes"
25,"blue-collar","single","secondary","no",-350,"yes","no","unknown",23,"jun",95,3,-1,0,"unknown","no"
30,"blue-collar","married","secondary","no",975,"yes","no","cellular",13,"may",256,2,351,2,"failure","no"
49,"blue-collar","married","primary","no",305,"yes","yes","telephone",10,"jul",834,10,-1,0,"unknown","no"
49,"blue-collar","married","primary","no",365,"no","no","unknown",26,"may",59,2,-1,0,"unknown","no"
36,"blue-collar","married","primary","no",123,"yes","no","cellular",18,"may",9,1,-1,0,"unknown","no"
45,"blue-collar","single","secondary","no",0,"yes","no","cellular",26,"jul",768,2,91,5,"success","no"
33,"blue-collar","married","secondary","no",3576,"yes","no","cellular",2,"apr",124,1,308,2,"other","no"
50,"blue-collar","married","secondary","no",606,"yes","no","unknown",14,"may",673,2,-1,0,"unknown","no"
55,"blue-collar","divorced","primary","no",410,"no","yes","cellular",11,"jul",221,2,-1,0,"unknown","no"
46,"blue-collar","married","primary","no",222,"no","no","cellular",8,"aug",71,2,-1,0,"unknown","no"
55,"blue-collar","married","secondary","no",989,"yes","yes","unknown",23,"may",246,4,-1,0,"unknown","no"
29,"blue-collar","single","secondary","no",482,"no","yes","cellular",10,"jul",1097,3,-1,0,"unknown","yes"
24,"blue-collar","single","secondary","no",174,"yes","yes","cellular",18,"may",487,1,-1,0,"unknown","yes"
35,"blue-collar","single","tertiary","no",0,"yes","no","cellular",21,"jul",262,4,-1,0,"unknown","no"
50,"blue-collar","married","primary","no",5776,"no","no","cellular",18,"nov",49,3,-1,0,"unknown","no"
51,"blue-collar","divorced","primary","no",37,"yes","no","cellular",13,"may",341,1,-1,0,"unknown","no"
32,"blue-collar","married","secondary","no",1148,"yes","no","cellular",20,"apr",121,1,-1,0,"unknown","no"
37,"blue-collar","single","secondary","no",3561,"yes","no","unknown",2,"jun",98,1,-1,0,"unknown","no"
50,"blue-collar","married","primary","no",4108,"yes","no","cellular",7,"aug",526,2,-1,0,"unknown","yes"
47,"blue-collar","married","secondary","no",480,"yes","no","unknown",28,"may",211,2,-1,0,"unknown","no"
45,"blue-collar","divorced","primary","no",-311,"yes","no","unknown",23,"may",1030,1,-1,0,"unknown","yes"
32,"blue-collar","married","secondary","no",759,"yes","no","cellular",9,"apr",317,5,-1,0,"unknown","yes"
56,"blue-collar","married","secondary","no",345,"yes","no","telephone",22,"jul",605,1,-1,0,"unknown","no"
35,"blue-collar","married","secondary","no",1287,"yes","no","cellular",14,"jul",330,2,-1,0,"unknown","no"
49,"blue-collar","married","secondary","no",8545,"yes","yes","cellular",6,"may",199,7,167,1,"failure","no"
43,"blue-collar","single","primary","no",2,"yes","no","cellular",30,"jul",783,3,-1,0,"unknown","no"
30,"blue-collar","married","primary","no",1317,"yes","no","unknown",21,"may",395,2,-1,0,"unknown","no"
46,"blue-collar","married","secondary","no",182,"no","no","cellular",4,"feb",56,1,-1,0,"unknown","no"
37,"blue-collar","married","secondary","no",-67,"no","no","cellular",2,"feb",157,1,-1,0,"unknown","no"
47,"blue-collar","married","primary","no",214,"yes","yes","unknown",9,"jun",168,1,-1,0,"unknown","no"
33,"blue-collar","married","primary","no",-195,"no","no","unknown",20,"sep",9,1,-1,0,"unknown","no"
36,"blue-collar","single","secondary","no",219,"yes","yes","cellular",11,"may",270,2,347,1,"failure","no"
31,"blue-collar","married","secondary","no",1660,"yes","no","cellular",20,"apr",342,1,-1,0,"unknown","no"
42,"blue-collar","married","primary","no",0,"yes","yes","cellular",7,"may",209,2,-1,0,"unknown","no"
49,"blue-collar","married","secondary","no",2039,"yes","no","cellular",18,"nov",283,2,-1,0,"unknown","no"
39,"blue-collar","married","secondary","no",0,"yes","no","cellular",30,"apr",53,1,325,1,"failure","no"
39,"blue-collar","married","primary","no",3705,"yes","no","unknown",16,"jun",77,1,-1,0,"unknown","no"
41,"blue-collar","married","primary","no",8,"yes","no","cellular",15,"jul",155,2,-1,0,"unknown","no"
45,"blue-collar","married","primary","no",61,"no","no","cellular",17,"apr",108,1,-1,0,"unknown","no"
32,"blue-collar","married","secondary","no",1005,"no","no","cellular",12,"may",215,1,-1,0,"unknown","no"
28,"blue-collar","single","primary","no",0,"yes","yes","unknown",3,"jun",380,4,-1,0,"unknown","no"
33,"blue-collar","married","secondary","no",43,"yes","no","cellular",14,"may",332,2,358,2,"failure","no"
38,"blue-collar","married","primary","no",168,"yes","yes","telephone",13,"may",212,3,-1,0,"unknown","no"
39,"blue-collar","married","primary","no",7685,"yes","no","cellular",14,"apr",493,3,-1,0,"unknown","no"
28,"blue-collar","single","secondary","no",517,"no","yes","cellular",8,"jul",681,1,-1,0,"unknown","yes"
27,"blue-collar","single","secondary","no",148,"no","no","cellular",22,"jul",203,1,-1,0,"unknown","no"
50,"blue-collar","married","secondary","no",887,"no","no","unknown",16,"jun",287,1,-1,0,"unknown","no"
34,"blue-collar","single","secondary","no",186,"no","no","cellular",2,"feb",342,1,-1,0,"unknown","no"
53,"blue-collar","married","secondary","no",4380,"no","no","telephone",19,"aug",223,7,-1,0,"unknown","no"
45,"blue-collar","single","primary","no",999,"no","no","cellular",29,"jan",182,2,-1,0,"unknown","no"
29,"blue-collar","single","primary","no",950,"yes","no","unknown",4,"jun",135,3,-1,0,"unknown","no"
36,"blue-collar","married","primary","no",973,"yes","yes","unknown",23,"may",293,1,-1,0,"unknown","no"
32,"blue-collar","married","secondary","no",2366,"yes","no","unknown",20,"may",127,2,-1,0,"unknown","no"
43,"blue-collar","married","secondary","no",130,"no","no","cellular",5,"may",156,1,337,3,"failure","no"
24,"blue-collar","married","secondary","no",1222,"yes","no","cellular",20,"apr",369,1,-1,0,"unknown","no"
32,"blue-collar","married","secondary","no",34,"yes","no","cellular",5,"may",321,2,-1,0,"unknown","no"
42,"blue-collar","married","secondary","no",117,"yes","no","unknown",9,"may",147,1,-1,0,"unknown","no"
50,"blue-collar","married","secondary","no",283,"yes","no","cellular",7,"aug",226,3,-1,0,"unknown","no"
35,"blue-collar","divorced","secondary","no",3102,"yes","no","cellular",20,"nov",138,1,-1,0,"unknown","no"
32,"blue-collar","married","secondary","no",889,"yes","no","cellular",10,"sep",185,1,99,5,"success","yes"
36,"blue-collar","single","primary","no",1313,"yes","no","unknown",20,"jun",8,10,-1,0,"unknown","no"
57,"blue-collar","married","primary","no",452,"yes","no","unknown",13,"may",139,4,-1,0,"unknown","no"
48,"blue-collar","married","secondary","no",149,"yes","no","unknown",9,"may",71,1,-1,0,"unknown","no"
54,"blue-collar","married","secondary","no",1480,"yes","no","unknown",14,"may",108,1,-1,0,"unknown","no"
52,"blue-collar","married","primary","no",779,"yes","no","unknown",16,"may",30,3,-1,0,"unknown","no"
55,"blue-collar","single","primary","no",1187,"yes","no","unknown",2,"jun",193,2,-1,0,"unknown","no"
52,"blue-collar","married","unknown","no",826,"yes","no","unknown",15,"may",468,2,-1,0,"unknown","no"
41,"blue-collar","single","secondary","no",428,"yes","no","cellular",12,"may",92,1,-1,0,"unknown","no"
30,"blue-collar","single","secondary","no",315,"no","no","cellular",23,"jun",1407,1,-1,0,"unknown","yes"
38,"blue-collar","married","secondary","no",121,"yes","yes","cellular",6,"feb",168,1,212,2,"failure","no"
36,"blue-collar","married","primary","no",1925,"yes","no","cellular",20,"apr",904,2,-1,0,"unknown","yes"
47,"blue-collar","married","primary","no",233,"no","no","cellular",8,"aug",293,3,-1,0,"unknown","no"
29,"blue-collar","married","secondary","no",15,"no","no","cellular",3,"jun",136,1,-1,0,"unknown","no"
52,"blue-collar","married","primary","no",1054,"no","no","cellular",4,"aug",273,1,-1,0,"unknown","no"
48,"blue-collar","married","secondary","no",157,"yes","no","unknown",6,"may",73,1,-1,0,"unknown","no"
35,"blue-collar","married","primary","no",0,"yes","no","cellular",24,"jul",90,6,-1,0,"unknown","no"
54,"blue-collar","married","primary","no",211,"no","no","unknown",19,"jun",200,2,-1,0,"unknown","no"
55,"blue-collar","married","primary","no",2275,"no","no","cellular",25,"aug",139,9,-1,0,"unknown","no"
41,"blue-collar","married","secondary","yes",720,"no","yes","cellular",24,"jul",651,1,-1,0,"unknown","yes"
35,"blue-collar","married","secondary","no",-339,"yes","no","unknown",8,"may",389,2,-1,0,"unknown","no"
49,"blue-collar","married","secondary","no",171,"no","no","cellular",4,"feb",19,3,175,2,"other","no"
41,"blue-collar","married","secondary","no",-256,"yes","no","unknown",3,"jun",147,2,-1,0,"unknown","no"
43,"blue-collar","married","secondary","no",105,"no","yes","cellular",4,"jul",668,2,-1,0,"unknown","no"
50,"blue-collar","married","primary","no",12519,"yes","no","cellular",17,"apr",146,2,147,4,"success","no"
42,"blue-collar","married","primary","no",0,"yes","no","cellular",17,"jul",71,1,-1,0,"unknown","no"
28,"blue-collar","married","secondary","no",1020,"yes","no","unknown",28,"may",251,1,-1,0,"unknown","no"
32,"blue-collar","married","secondary","no",14,"yes","no","unknown",2,"jun",171,1,-1,0,"unknown","no"
31,"blue-collar","married","secondary","no",-45,"yes","no","unknown",2,"jun",184,1,-1,0,"unknown","no"
33,"blue-collar","married","primary","no",3704,"yes","no","unknown",6,"jun",447,2,-1,0,"unknown","no"
32,"blue-collar","single","secondary","no",-84,"yes","no","cellular",11,"may",426,1,-1,0,"unknown","no"
52,"blue-collar","married","secondary","no",289,"yes","no","unknown",21,"may",45,13,-1,0,"unknown","no"
41,"blue-collar","divorced","primary","no",2195,"yes","no","unknown",3,"jun",211,5,-1,0,"unknown","no"
35,"blue-collar","divorced","secondary","no",275,"no","yes","cellular",10,"jul",144,5,-1,0,"unknown","no"
46,"blue-collar","single","secondary","no",324,"yes","no","unknown",30,"may",293,6,-1,0,"unknown","no"
40,"blue-collar","married","secondary","no",11084,"no","no","unknown",11,"jun",113,1,-1,0,"unknown","no"
52,"blue-collar","married","secondary","no",60,"no","yes","cellular",26,"aug",196,2,-1,0,"unknown","no"
35,"blue-collar","married","primary","no",-12,"yes","no","unknown",12,"may",212,5,-1,0,"unknown","no"
33,"blue-collar","single","primary","no",599,"yes","no","unknown",21,"may",29,1,-1,0,"unknown","no"
36,"blue-collar","single","secondary","no",340,"no","yes","unknown",16,"jun",559,3,-1,0,"unknown","no"
48,"blue-collar","married","secondary","no",705,"no","no","unknown",13,"may",108,2,-1,0,"unknown","no"
41,"blue-collar","married","secondary","no",429,"yes","no","unknown",13,"may",244,1,-1,0,"unknown","no"
46,"blue-collar","married","primary","no",67,"no","no","unknown",24,"jun",9,1,-1,0,"unknown","no"
45,"blue-collar","married","secondary","no",115,"no","no","cellular",11,"aug",209,4,-1,0,"unknown","no"
40,"blue-collar","married","secondary","no",498,"yes","no","cellular",8,"may",55,2,298,4,"failure","no"
39,"blue-collar","married","secondary","no",1045,"yes","yes","cellular",9,"jul",290,13,-1,0,"unknown","no"
48,"blue-collar","married","primary","no",1092,"no","yes","cellular",18,"nov",79,1,172,8,"failure","no"
60,"blue-collar","married","secondary","no",322,"yes","no","cellular",7,"may",63,1,-1,0,"unknown","no"
43,"blue-collar","divorced","primary","no",49,"yes","no","unknown",9,"may",100,1,-1,0,"unknown","no"
31,"blue-collar","married","primary","no",352,"yes","no","unknown",19,"may",97,9,-1,0,"unknown","no"
35,"blue-collar","married","secondary","no",1949,"yes","no","unknown",2,"jun",200,3,-1,0,"unknown","no"
40,"blue-collar","married","primary","no",1136,"yes","no","unknown",21,"may",86,1,-1,0,"unknown","no"
27,"blue-collar","single","primary","no",1128,"yes","no","unknown",30,"jun",88,4,-1,0,"unknown","no"
26,"blue-collar","single","secondary","no",-32,"yes","yes","cellular",31,"jul",14,6,-1,0,"unknown","no"
24,"blue-collar","single","primary","no",111,"yes","yes","unknown",27,"may",42,4,-1,0,"unknown","no"
33,"blue-collar","married","primary","no",0,"yes","no","unknown",15,"may",270,1,-1,0,"unknown","no"
33,"blue-collar","married","secondary","no",1134,"yes","no","unknown",23,"may",304,2,-1,0,"unknown","no"
42,"blue-collar","married","secondary","no",352,"yes","no","cellular",11,"may",79,3,-1,0,"unknown","no"
59,"blue-collar","married","primary","no",179,"yes","no","unknown",5,"may",55,3,-1,0,"unknown","no"
27,"blue-collar","single","secondary","no",5,"yes","no","unknown",19,"may",205,3,-1,0,"unknown","no"
50,"blue-collar","married","primary","no",3924,"yes","no","cellular",20,"apr",122,2,-1,0,"unknown","no"
37,"blue-collar","divorced","primary","no",511,"yes","no","telephone",11,"may",42,1,-1,0,"unknown","no"
29,"blue-collar","single","secondary","no",908,"yes","no","unknown",20,"jun",1663,1,-1,0,"unknown","yes"
30,"blue-collar","single","secondary","no",445,"yes","no","cellular",16,"apr",218,1,330,2,"failure","no"
48,"blue-collar","married","secondary","no",-202,"yes","yes","cellular",30,"jul",225,4,-1,0,"unknown","no"
46,"blue-collar","married","secondary","no",-216,"yes","no","cellular",28,"jul",404,3,-1,0,"unknown","no"
32,"blue-collar","married","secondary","no",456,"no","no","cellular",12,"may",121,1,-1,0,"unknown","no"
27,"blue-collar","single","primary","no",1209,"no","no","cellular",29,"jan",283,1,-1,0,"unknown","no"
32,"blue-collar","single","primary","no",882,"no","yes","cellular",29,"jul",80,8,-1,0,"unknown","no"
47,"blue-collar","married","secondary","no",1996,"no","no","unknown",5,"jun",761,2,-1,0,"unknown","yes"
41,"blue-collar","married","secondary","no",4900,"yes","no","telephone",31,"jul",121,2,-1,0,"unknown","no"
46,"blue-collar","married","secondary","no",5,"no","no","cellular",18,"aug",71,3,-1,0,"unknown","no"
36,"blue-collar","married","secondary","no",-461,"no","no","cellular",11,"may",254,2,353,1,"failure","no"
58,"blue-collar","married","primary","no",309,"no","no","cellular",19,"aug",156,2,-1,0,"unknown","no"
32,"blue-collar","single","secondary","no",-255,"no","yes","unknown",2,"jul",957,3,-1,0,"unknown","no"
33,"blue-collar","divorced","primary","no",636,"yes","no","cellular",9,"jul",211,11,-1,0,"unknown","no"
41,"blue-collar","married","secondary","no",338,"yes","no","unknown",14,"may",87,1,-1,0,"unknown","no"
43,"blue-collar","married","primary","no",757,"yes","no","unknown",9,"may",315,4,-1,0,"unknown","no"
40,"blue-collar","married","primary","no",1206,"no","yes","telephone",16,"jul",201,5,-1,0,"unknown","no"
31,"blue-collar","married","secondary","no",1407,"yes","no","cellular",6,"may",142,3,-1,0,"unknown","no"
31,"blue-collar","married","secondary","no",1354,"yes","yes","cellular",17,"nov",222,2,-1,0,"unknown","no"
35,"blue-collar","married","primary","no",793,"yes","no","cellular",17,"apr",106,1,-1,0,"unknown","no"
51,"blue-collar","divorced","unknown","no",10287,"yes","no","unknown",29,"may",117,1,-1,0,"unknown","no"
31,"blue-collar","married","primary","no",99,"yes","no","cellular",17,"apr",193,2,322,1,"other","no"
40,"blue-collar","married","secondary","no",952,"no","yes","unknown",12,"jun",140,1,-1,0,"unknown","no"
36,"blue-collar","married","secondary","no",13,"no","no","unknown",3,"jun",284,1,-1,0,"unknown","no"
25,"blue-collar","married","secondary","no",-76,"yes","no","unknown",12,"may",241,3,-1,0,"unknown","no"
67,"blue-collar","married","secondary","no",16353,"no","no","cellular",27,"oct",223,2,-1,0,"unknown","no"
32,"blue-collar","married","secondary","no",-63,"yes","no","unknown",30,"may",198,1,-1,0,"unknown","no"
33,"blue-collar","married","primary","no",511,"yes","no","unknown",21,"may",304,2,-1,0,"unknown","no"
42,"blue-collar","married","primary","no",-119,"yes","no","cellular",22,"jul",167,3,-1,0,"unknown","no"
38,"blue-collar","married","secondary","no",361,"yes","no","unknown",11,"jun",601,1,-1,0,"unknown","no"
46,"blue-collar","married","primary","no",2904,"no","no","cellular",20,"apr",277,2,-1,0,"unknown","no"
33,"blue-collar","married","secondary","no",86,"yes","no","unknown",19,"may",364,1,-1,0,"unknown","no"
34,"blue-collar","divorced","unknown","no",172,"no","no","cellular",15,"jun",177,1,-1,0,"unknown","yes"
40,"blue-collar","married","secondary","no",1451,"no","no","cellular",1,"jun",314,1,-1,0,"unknown","yes"
48,"blue-collar","single","unknown","no",428,"yes","no","cellular",18,"may",127,1,-1,0,"unknown","no"
41,"blue-collar","married","secondary","no",552,"yes","no","cellular",12,"may",463,1,-1,0,"unknown","no"
34,"blue-collar","single","secondary","no",3723,"yes","no","unknown",27,"may",47,5,-1,0,"unknown","no"
35,"blue-collar","married","secondary","no",6411,"yes","yes","cellular",30,"jan",144,1,266,2,"failure","no"
55,"blue-collar","married","primary","no",3873,"no","no","telephone",21,"apr",222,1,-1,0,"unknown","no"
41,"blue-collar","married","primary","no",2067,"yes","no","cellular",15,"may",493,7,-1,0,"unknown","no"
34,"blue-collar","single","secondary","no",215,"no","no","cellular",3,"mar",350,3,-1,0,"unknown","yes"
56,"blue-collar","divorced","primary","no",3021,"no","no","unknown",9,"jun",419,2,-1,0,"unknown","no"
28,"blue-collar","single","secondary","no",3412,"yes","no","cellular",15,"may",22,4,-1,0,"unknown","no"
54,"blue-collar","married","secondary","no",1291,"yes","no","unknown",5,"may",266,1,-1,0,"unknown","no"
58,"blue-collar","divorced","secondary","no",543,"no","yes","telephone",17,"jul",264,3,-1,0,"unknown","no"
32,"blue-collar","single","secondary","no",604,"no","yes","cellular",28,"may",95,3,-1,0,"unknown","no"
39,"blue-collar","married","primary","no",879,"yes","no","unknown",26,"may",102,2,-1,0,"unknown","no"
38,"blue-collar","married","secondary","no",1370,"yes","no","cellular",11,"may",472,2,-1,0,"unknown","no"
24,"blue-collar","married","secondary","no",204,"yes","yes","cellular",17,"apr",229,3,-1,0,"unknown","no"
48,"blue-collar","married","secondary","no",841,"yes","no","unknown",19,"may",215,1,-1,0,"unknown","no"
36,"blue-collar","married","secondary","no",439,"yes","no","unknown",21,"may",260,5,-1,0,"unknown","no"
49,"blue-collar","married","secondary","no",-454,"yes","no","cellular",14,"may",558,1,-1,0,"unknown","yes"
31,"blue-collar","married","secondary","no",1243,"yes","no","unknown",21,"may",32,1,-1,0,"unknown","no"
36,"blue-collar","married","secondary","no",2357,"yes","no","unknown",17,"jun",228,2,-1,0,"unknown","no"
55,"blue-collar","divorced","secondary","no",1613,"yes","no","cellular",3,"apr",296,1,270,3,"failure","yes"
41,"blue-collar","married","secondary","no",780,"yes","no","cellular",15,"may",432,3,-1,0,"unknown","no"
27,"blue-collar","married","secondary","no",872,"yes","no","cellular",17,"apr",1130,3,-1,0,"unknown","no"
36,"blue-collar","married","secondary","no",0,"no","no","unknown",20,"jun",332,3,-1,0,"unknown","no"
38,"blue-collar","married","secondary","no",-388,"yes","no","unknown",9,"may",412,1,-1,0,"unknown","no"
47,"blue-collar","divorced","secondary","yes",-535,"yes","no","cellular",30,"jul",71,2,-1,0,"unknown","no"
33,"blue-collar","married","primary","no",1165,"yes","no","unknown",21,"may",420,2,-1,0,"unknown","no"
36,"blue-collar","married","secondary","no",1049,"yes","no","cellular",14,"may",224,4,-1,0,"unknown","yes"
38,"blue-collar","married","secondary","no",0,"yes","no","cellular",13,"may",57,5,349,1,"other","no"
43,"blue-collar","married","secondary","no",667,"yes","no","unknown",7,"may",228,3,-1,0,"unknown","no"
33,"blue-collar","married","secondary","no",661,"yes","no","cellular",18,"jul",968,1,-1,0,"unknown","yes"
31,"blue-collar","single","primary","no",-502,"yes","no","unknown",29,"may",76,4,-1,0,"unknown","no"
50,"blue-collar","married","primary","no",0,"no","no","cellular",11,"aug",72,5,-1,0,"unknown","no"
55,"blue-collar","married","unknown","no",1665,"no","no","telephone",30,"jul",89,2,-1,0,"unknown","no"
37,"blue-collar","single","primary","no",851,"yes","no","cellular",15,"may",151,1,352,1,"failure","no"
35,"blue-collar","married","secondary","no",137,"no","yes","unknown",4,"oct",5,1,808,12,"failure","no"
34,"blue-collar","single","secondary","no",1239,"yes","no","cellular",18,"jul",90,1,-1,0,"unknown","no"
50,"blue-collar","divorced","primary","no",-10,"no","yes","cellular",10,"jul",369,6,-1,0,"unknown","no"
38,"blue-collar","divorced","secondary","no",2998,"yes","no","unknown",11,"jun",91,1,-1,0,"unknown","no"
34,"blue-collar","married","primary","no",176,"no","no","cellular",24,"jul",78,1,-1,0,"unknown","no"
42,"blue-collar","married","secondary","no",3052,"yes","no","unknown",27,"may",32,1,-1,0,"unknown","no"
44,"blue-collar","married","secondary","no",-182,"yes","yes","cellular",14,"may",10,10,-1,0,"unknown","no"
38,"blue-collar","married","secondary","no",284,"yes","yes","unknown",3,"jun",1030,6,-1,0,"unknown","no"
55,"blue-collar","married","unknown","no",23,"no","no","cellular",13,"aug",123,2,-1,0,"unknown","no"
38,"blue-collar","divorced","secondary","no",157,"no","no","unknown",9,"jun",299,5,-1,0,"unknown","no"
34,"blue-collar","married","secondary","no",1897,"yes","yes","cellular",19,"nov",441,1,-1,0,"unknown","no"
33,"blue-collar","married","secondary","no",889,"yes","no","unknown",18,"sep",13,1,373,6,"success","no"
42,"blue-collar","married","secondary","no",230,"yes","no","unknown",5,"jun",175,7,-1,0,"unknown","no"
27,"blue-collar","divorced","secondary","no",1,"yes","no","cellular",14,"jul",116,3,-1,0,"unknown","no"
38,"blue-collar","married","primary","no",2569,"no","no","unknown",9,"jun",172,1,-1,0,"unknown","no"
30,"blue-collar","married","secondary","no",6,"yes","no","cellular",28,"jan",241,3,-1,0,"unknown","no"
33,"blue-collar","single","secondary","no",706,"yes","no","cellular",7,"apr",329,1,322,1,"failure","no"
72,"blue-collar","married","primary","no",4415,"no","no","telephone",13,"oct",120,1,-1,0,"unknown","no"
39,"blue-collar","married","unknown","no",0,"no","no","cellular",2,"feb",731,1,193,3,"failure","no"
44,"blue-collar","married","primary","no",271,"yes","yes","unknown",9,"may",94,1,-1,0,"unknown","no"
47,"blue-collar","married","primary","no",320,"no","no","telephone",30,"jul",203,2,-1,0,"unknown","no"
51,"blue-collar","married","secondary","no",160,"yes","no","cellular",7,"may",136,1,359,1,"failure","no"
30,"blue-collar","single","secondary","no",75,"yes","no","unknown",16,"may",123,1,-1,0,"unknown","no"
27,"blue-collar","single","primary","no",-79,"yes","no","unknown",30,"may",385,5,-1,0,"unknown","no"
37,"blue-collar","married","secondary","no",131,"yes","no","unknown",9,"may",137,2,-1,0,"unknown","no"
31,"blue-collar","married","primary","no",2,"yes","yes","cellular",10,"jul",112,1,-1,0,"unknown","no"
28,"blue-collar","single","secondary","no",4229,"yes","yes","cellular",5,"may",205,2,-1,0,"unknown","no"
35,"blue-collar","married","primary","no",298,"yes","no","cellular",13,"may",135,2,370,2,"failure","no"
60,"blue-collar","married","primary","no",493,"no","no","cellular",18,"aug",671,4,-1,0,"unknown","yes"
51,"blue-collar","married","primary","no",5050,"no","yes","unknown",16,"jun",75,7,-1,0,"unknown","no"
48,"blue-collar","married","secondary","no",741,"yes","no","cellular",16,"apr",227,1,-1,0,"unknown","no"
30,"blue-collar","married","primary","no",1,"yes","yes","telephone",22,"jul",80,2,-1,0,"unknown","no"
43,"blue-collar","married","primary","no",-98,"yes","yes","cellular",12,"may",112,2,330,3,"other","no"
30,"blue-collar","married","secondary","no",673,"yes","no","unknown",20,"may",610,2,-1,0,"unknown","no"
43,"blue-collar","divorced","primary","no",-97,"yes","yes","cellular",31,"jul",747,4,-1,0,"unknown","no"
41,"blue-collar","married","secondary","no",-217,"yes","no","cellular",11,"may",313,1,349,3,"other","no"
54,"blue-collar","married","secondary","no",-932,"yes","no","unknown",7,"may",799,1,-1,0,"unknown","no"
30,"blue-collar","married","primary","no",2581,"no","no","unknown",12,"may",221,2,-1,0,"unknown","no"
41,"blue-collar","married","primary","no",849,"yes","no","unknown",15,"may",72,1,-1,0,"unknown","no"
42,"blue-collar","married","secondary","no",-921,"yes","no","unknown",26,"may",115,2,-1,0,"unknown","no"
34,"blue-collar","married","primary","no",79,"yes","no","cellular",14,"may",406,2,-1,0,"unknown","no"
49,"blue-collar","married","secondary","no",-55,"no","no","unknown",17,"jun",150,3,-1,0,"unknown","no"
46,"blue-collar","married","secondary","no",494,"yes","no","unknown",26,"may",724,1,-1,0,"unknown","no"
44,"blue-collar","married","primary","no",-14,"yes","yes","unknown",19,"may",179,4,-1,0,"unknown","no"
41,"blue-collar","married","secondary","no",1459,"no","no","unknown",5,"jun",82,1,-1,0,"unknown","no"
49,"blue-collar","married","tertiary","no",1784,"no","no","unknown",12,"jun",753,1,-1,0,"unknown","no"
38,"blue-collar","married","secondary","no",2008,"yes","no","cellular",18,"nov",354,1,-1,0,"unknown","no"
46,"blue-collar","married","primary","no",91,"yes","no","cellular",6,"may",29,1,356,2,"failure","no"
33,"blue-collar","divorced","primary","no",142,"yes","no","telephone",11,"may",41,2,300,5,"failure","no"
27,"blue-collar","married","secondary","yes",-584,"yes","no","cellular",7,"may",411,2,-1,0,"unknown","no"
39,"blue-collar","married","primary","no",1564,"no","no","unknown",17,"jun",57,1,-1,0,"unknown","no"
26,"blue-collar","single","secondary","no",856,"yes","yes","cellular",30,"jul",95,5,-1,0,"unknown","no"
58,"blue-collar","married","primary","no",781,"yes","no","cellular",15,"may",74,2,-1,0,"unknown","no"
34,"blue-collar","married","primary","no",-319,"yes","yes","cellular",9,"jul",134,4,-1,0,"unknown","no"
56,"blue-collar","married","primary","no",379,"no","no","cellular",13,"aug",58,5,-1,0,"unknown","no"
36,"blue-collar","married","primary","no",0,"yes","no","cellular",18,"nov",618,2,-1,0,"unknown","no"
41,"blue-collar","married","primary","no",951,"yes","no","cellular",20,"apr",23,4,-1,0,"unknown","no"
41,"blue-collar","married","secondary","no",121,"yes","no","cellular",13,"may",16,6,176,5,"other","no"
40,"blue-collar","married","primary","no",-335,"yes","no","unknown",27,"may",260,1,-1,0,"unknown","no"
37,"blue-collar","married","unknown","no",603,"yes","no","unknown",23,"may",773,2,-1,0,"unknown","no"
52,"blue-collar","married","secondary","no",-98,"yes","no","unknown",7,"may",423,1,-1,0,"unknown","no"
32,"blue-collar","married","secondary","no",687,"yes","no","unknown",9,"may",61,1,-1,0,"unknown","no"
31,"blue-collar","married","secondary","no",631,"yes","no","unknown",23,"may",248,4,-1,0,"unknown","no"
29,"blue-collar","married","secondary","no",912,"yes","no","cellular",13,"may",785,1,-1,0,"unknown","no"
37,"blue-collar","married","primary","no",37,"yes","no","cellular",13,"may",24,2,362,1,"other","no"
49,"blue-collar","divorced","unknown","no",39,"yes","no","cellular",13,"may",27,5,-1,0,"unknown","no"
31,"blue-collar","married","secondary","no",0,"yes","no","unknown",5,"may",143,1,-1,0,"unknown","no"
35,"blue-collar","single","secondary","no",0,"yes","no","cellular",16,"apr",1174,1,345,4,"other","yes"
42,"blue-collar","married","primary","no",1520,"yes","no","cellular",5,"feb",115,1,-1,0,"unknown","no"
36,"blue-collar","divorced","secondary","no",-140,"yes","no","unknown",26,"may",222,2,-1,0,"unknown","no"
38,"blue-collar","single","secondary","no",578,"yes","no","unknown",21,"may",112,2,-1,0,"unknown","no"
40,"blue-collar","married","primary","yes",0,"yes","no","unknown",6,"may",64,2,-1,0,"unknown","no"
43,"blue-collar","married","primary","no",7343,"yes","no","unknown",2,"jun",217,4,-1,0,"unknown","no"
34,"blue-collar","married","secondary","no",-563,"yes","no","unknown",26,"may",252,1,-1,0,"unknown","no"
33,"blue-collar","single","secondary","no",13494,"yes","no","unknown",20,"jun",27,25,-1,0,"unknown","no"
30,"blue-collar","married","secondary","no",501,"yes","yes","unknown",27,"may",514,1,-1,0,"unknown","no"
32,"blue-collar","married","secondary","no",101,"yes","no","unknown",19,"may",191,4,-1,0,"unknown","no"
31,"blue-collar","married","secondary","no",1766,"no","yes","cellular",5,"jun",166,2,-1,0,"unknown","yes"
55,"blue-collar","married","primary","no",4103,"no","no","cellular",19,"nov",291,1,-1,0,"unknown","no"
53,"blue-collar","married","secondary","no",70,"yes","no","unknown",5,"may",611,2,-1,0,"unknown","no"
29,"blue-collar","single","secondary","no",9,"yes","no","cellular",11,"may",262,3,-1,0,"unknown","no"
31,"blue-collar","married","primary","no",620,"no","no","cellular",30,"mar",95,1,-1,0,"unknown","no"
39,"blue-collar","married","secondary","no",0,"yes","no","cellular",7,"may",502,1,7,2,"failure","no"
31,"blue-collar","married","secondary","no",79,"yes","yes","cellular",23,"jul",235,11,-1,0,"unknown","no"
51,"blue-collar","divorced","primary","no",837,"no","no","telephone",30,"jul",41,2,-1,0,"unknown","no"
30,"blue-collar","married","secondary","no",-99,"yes","no","cellular",15,"may",144,5,-1,0,"unknown","no"
38,"blue-collar","married","secondary","no",1663,"yes","no","cellular",13,"apr",217,3,327,1,"failure","no"
42,"blue-collar","married","primary","no",792,"yes","yes","cellular",19,"nov",611,2,175,12,"other","no"
35,"blue-collar","single","unknown","no",871,"yes","no","unknown",6,"jun",216,3,-1,0,"unknown","no"
31,"blue-collar","single","secondary","no",16,"no","no","cellular",7,"jul",387,1,-1,0,"unknown","no"
46,"blue-collar","married","primary","no",2749,"yes","no","cellular",17,"nov",332,1,-1,0,"unknown","no"
32,"blue-collar","single","secondary","no",1721,"yes","no","unknown",21,"may",650,2,-1,0,"unknown","no"
50,"blue-collar","divorced","secondary","no",203,"yes","no","telephone",19,"nov",265,1,127,4,"other","no"
34,"blue-collar","married","secondary","no",322,"yes","no","cellular",20,"apr",10,3,-1,0,"unknown","no"
53,"blue-collar","married","secondary","no",0,"no","no","telephone",31,"jul",36,4,-1,0,"unknown","no"
40,"blue-collar","married","secondary","no",1012,"yes","no","cellular",6,"may",410,1,-1,0,"unknown","no"
33,"blue-collar","married","primary","no",245,"yes","yes","cellular",8,"may",253,3,-1,0,"unknown","no"
34,"blue-collar","married","secondary","no",3990,"yes","no","cellular",24,"jul",633,7,-1,0,"unknown","no"
43,"blue-collar","married","primary","no",7727,"yes","no","unknown",15,"may",302,8,-1,0,"unknown","no"
28,"blue-collar","divorced","unknown","no",101,"yes","no","unknown",28,"may",126,4,-1,0,"unknown","no"
36,"blue-collar","married","primary","no",49,"yes","no","cellular",15,"may",232,2,365,5,"other","no"
37,"blue-collar","married","secondary","no",2023,"yes","no","cellular",10,"jul",214,1,-1,0,"unknown","no"
50,"blue-collar","married","secondary","no",372,"yes","no","telephone",11,"may",21,1,-1,0,"unknown","no"
34,"blue-collar","single","primary","no",464,"yes","no","cellular",18,"may",173,1,299,2,"other","no"
38,"blue-collar","married","primary","no",0,"yes","no","unknown",3,"jun",179,2,-1,0,"unknown","no"
46,"blue-collar","married","primary","no",2558,"yes","no","telephone",20,"nov",107,1,167,1,"other","no"
26,"blue-collar","married","secondary","no",484,"yes","no","unknown",19,"may",48,2,-1,0,"unknown","no"
42,"blue-collar","married","secondary","no",5639,"yes","no","cellular",17,"jul",430,2,-1,0,"unknown","no"
26,"blue-collar","married","secondary","no",245,"yes","no","unknown",26,"may",16,11,-1,0,"unknown","no"
54,"blue-collar","married","unknown","no",191,"no","no","cellular",4,"aug",753,2,-1,0,"unknown","no"
32,"blue-collar","married","primary","no",329,"yes","no","cellular",3,"feb",321,1,-1,0,"unknown","no"
41,"blue-collar","single","unknown","no",4684,"no","no","unknown",20,"jun",30,6,-1,0,"unknown","no"
35,"blue-collar","married","primary","no",11,"yes","no","unknown",13,"may",326,4,-1,0,"unknown","no"
49,"blue-collar","married","primary","no",1019,"yes","no","cellular",16,"apr",285,5,-1,0,"unknown","no"
50,"blue-collar","married","primary","no",8139,"yes","no","cellular",18,"aug",256,6,-1,0,"unknown","no"
33,"blue-collar","married","secondary","no",249,"yes","no","cellular",31,"jul",61,4,-1,0,"unknown","no"
37,"blue-collar","married","primary","no",689,"yes","no","cellular",14,"jul",367,2,-1,0,"unknown","no"
45,"blue-collar","single","primary","yes",-183,"no","yes","cellular",15,"jul",395,4,-1,0,"unknown","no"
47,"blue-collar","married","primary","no",3451,"no","yes","cellular",21,"nov",125,2,-1,0,"unknown","no"
31,"blue-collar","married","secondary","no",897,"yes","no","unknown",20,"may",26,2,-1,0,"unknown","no"
42,"blue-collar","married","secondary","no",130,"yes","no","unknown",29,"may",285,1,-1,0,"unknown","no"
39,"blue-collar","married","secondary","no",8,"no","no","cellular",30,"jul",88,3,-1,0,"unknown","no"
59,"blue-collar","married","primary","no",699,"no","no","cellular",28,"jan",98,1,154,6,"failure","no"
33,"blue-collar","married","secondary","no",687,"yes","no","cellular",14,"may",72,2,370,1,"failure","no"
43,"blue-collar","married","primary","no",1211,"yes","no","unknown",6,"may",208,3,-1,0,"unknown","no"
27,"blue-collar","single","secondary","no",23,"no","no","cellular",26,"feb",590,2,-1,0,"unknown","no"
45,"blue-collar","married","primary","no",1291,"yes","no","cellular",28,"aug",189,17,-1,0,"unknown","no"
53,"blue-collar","married","primary","no",306,"no","no","cellular",28,"jul",388,3,181,1,"success","yes"
44,"blue-collar","married","primary","no",-312,"yes","no","unknown",20,"jun",22,3,-1,0,"unknown","no"
47,"blue-collar","married","primary","no",556,"yes","no","cellular",4,"feb",147,2,264,4,"other","no"
50,"blue-collar","married","primary","no",1164,"yes","no","unknown",8,"may",166,2,-1,0,"unknown","no"
52,"blue-collar","divorced","primary","no",-191,"yes","no","unknown",15,"may",755,1,-1,0,"unknown","yes"
37,"blue-collar","married","secondary","no",132,"no","no","unknown",27,"may",336,2,-1,0,"unknown","no"
51,"blue-collar","married","secondary","no",2237,"yes","no","unknown",29,"may",619,1,-1,0,"unknown","no"
33,"blue-collar","married","secondary","no",-346,"yes","yes","unknown",23,"may",29,3,-1,0,"unknown","no"
35,"blue-collar","married","primary","no",624,"yes","no","unknown",7,"may",163,1,-1,0,"unknown","no"
34,"blue-collar","married","primary","no",1666,"yes","no","unknown",31,"mar",30,1,-1,0,"unknown","no"
39,"blue-collar","married","secondary","no",-405,"yes","no","cellular",8,"may",177,1,-1,0,"unknown","no"
42,"blue-collar","single","primary","no",1322,"yes","yes","cellular",8,"jul",178,1,-1,0,"unknown","no"
51,"blue-collar","divorced","primary","no",-28,"no","yes","unknown",2,"jul",220,2,-1,0,"unknown","no"
34,"blue-collar","married","secondary","no",7,"yes","yes","cellular",2,"feb",171,2,193,2,"other","no"
32,"blue-collar","single","secondary","no",118,"yes","no","cellular",17,"jul",1275,1,-1,0,"unknown","yes"
29,"blue-collar","single","secondary","no",309,"yes","no","cellular",11,"may",471,3,-1,0,"unknown","no"
56,"blue-collar","married","secondary","no",2190,"no","yes","cellular",30,"jan",90,2,232,1,"failure","no"
37,"blue-collar","married","primary","no",704,"no","no","unknown",18,"jun",165,7,-1,0,"unknown","no"
30,"blue-collar","single","secondary","yes",4,"yes","no","unknown",23,"may",84,3,-1,0,"unknown","no"
45,"blue-collar","married","primary","no",97,"yes","no","unknown",7,"may",923,3,-1,0,"unknown","no"
36,"blue-collar","married","unknown","no",6,"no","no","unknown",20,"jun",41,7,-1,0,"unknown","no"
51,"blue-collar","married","primary","no",872,"no","no","cellular",8,"aug",82,2,-1,0,"unknown","no"
35,"blue-collar","married","secondary","no",407,"yes","no","cellular",20,"apr",12,6,-1,0,"unknown","no"
57,"blue-collar","married","primary","no",282,"no","yes","cellular",7,"jul",261,12,-1,0,"unknown","no"
30,"blue-collar","married","primary","no",-336,"no","no","cellular",10,"jul",128,6,-1,0,"unknown","no"
57,"blue-collar","married","secondary","no",2887,"no","no","cellular",21,"aug",819,10,-1,0,"unknown","yes"
32,"blue-collar","single","secondary","no",2,"no","no","unknown",9,"may",144,2,-1,0,"unknown","no"
38,"blue-collar","single","secondary","no",-1,"yes","no","unknown",7,"may",72,1,-1,0,"unknown","no"
31,"blue-collar","single","secondary","no",-219,"yes","no","unknown",30,"may",66,2,-1,0,"unknown","no"
50,"blue-collar","married","secondary","no",810,"yes","no","unknown",14,"may",19,14,-1,0,"unknown","no"
32,"blue-collar","married","secondary","no",300,"no","no","cellular",6,"feb",166,2,-1,0,"unknown","no"
41,"blue-collar","married","secondary","no",641,"yes","no","unknown",13,"may",161,1,-1,0,"unknown","no"
49,"blue-collar","married","secondary","no",579,"yes","no","unknown",28,"may",396,1,-1,0,"unknown","no"
28,"blue-collar","married","secondary","no",373,"yes","no","cellular",14,"may",10,9,344,1,"failure","no"
27,"blue-collar","married","secondary","no",2171,"yes","no","cellular",16,"apr",130,1,323,1,"other","no"
37,"blue-collar","married","primary","no",0,"yes","no","cellular",6,"may",226,1,363,3,"other","no"
31,"blue-collar","single","primary","no",2488,"yes","no","cellular",20,"apr",14,1,-1,0,"unknown","no"
32,"blue-collar","married","primary","no",103,"no","no","cellular",23,"jul",312,1,-1,0,"unknown","no"
38,"blue-collar","married","primary","no",2240,"yes","no","cellular",19,"nov",551,1,183,1,"failure","no"
33,"blue-collar","married","primary","no",324,"yes","no","cellular",13,"may",217,2,-1,0,"unknown","no"
39,"blue-collar","single","secondary","no",4143,"yes","yes","unknown",2,"jun",21,1,-1,0,"unknown","no"
34,"blue-collar","married","secondary","no",622,"yes","no","unknown",21,"may",145,1,-1,0,"unknown","no"
32,"blue-collar","married","secondary","no",0,"yes","no","cellular",8,"may",80,2,-1,0,"unknown","no"
47,"blue-collar","married","secondary","no",1230,"yes","no","cellular",30,"apr",412,1,169,1,"success","yes"
53,"blue-collar","married","primary","no",4143,"no","no","cellular",15,"jul",200,3,-1,0,"unknown","no"
42,"blue-collar","married","unknown","no",-406,"yes","no","cellular",30,"jul",152,5,-1,0,"unknown","no"
30,"blue-collar","single","secondary","no",180,"no","no","cellular",14,"jul",203,1,183,2,"failure","no"
26,"blue-collar","single","primary","no",-887,"yes","no","cellular",18,"may",827,2,-1,0,"unknown","yes"
32,"blue-collar","single","secondary","no",135,"yes","no","cellular",18,"may",232,2,-1,0,"unknown","no"
34,"blue-collar","single","secondary","no",-72,"yes","no","cellular",7,"jul",273,5,-1,0,"unknown","no"
49,"blue-collar","divorced","primary","no",15,"yes","no","unknown",27,"may",550,7,-1,0,"unknown","no"
26,"blue-collar","married","secondary","no",115,"yes","no","unknown",4,"jul",46,3,-1,0,"unknown","no"
54,"blue-collar","married","secondary","no",0,"no","no","telephone",16,"apr",1366,1,150,1,"failure","no"
43,"blue-collar","married","secondary","no",-179,"yes","no","cellular",30,"jul",335,6,-1,0,"unknown","no"
45,"blue-collar","married","secondary","no",4365,"no","yes","cellular",9,"feb",45,2,-1,0,"unknown","no"
49,"blue-collar","married","primary","no",474,"yes","yes","telephone",9,"feb",152,3,221,1,"failure","no"
48,"blue-collar","married","secondary","no",333,"yes","no","cellular",14,"may",24,6,-1,0,"unknown","no"
33,"blue-collar","single","secondary","no",4404,"yes","no","cellular",20,"nov",766,3,-1,0,"unknown","no"
44,"blue-collar","married","secondary","no",2523,"yes","no","unknown",29,"may",1236,2,-1,0,"unknown","no"
40,"blue-collar","married","primary","no",98,"yes","no","unknown",2,"jun",193,5,-1,0,"unknown","no"
38,"blue-collar","married","primary","no",3419,"yes","no","unknown",20,"jun",324,5,-1,0,"unknown","no"
33,"blue-collar","married","primary","no",50,"yes","no","cellular",7,"may",246,2,-1,0,"unknown","no"
44,"blue-collar","married","primary","no",10,"yes","no","cellular",17,"jul",196,1,-1,0,"unknown","no"
32,"blue-collar","married","secondary","no",950,"yes","yes","cellular",20,"apr",219,4,-1,0,"unknown","no"
59,"blue-collar","married","unknown","no",139,"no","no","unknown",5,"jun",153,1,-1,0,"unknown","no"
27,"blue-collar","single","secondary","no",113,"no","no","cellular",22,"jul",39,17,-1,0,"unknown","no"
54,"blue-collar","married","unknown","no",310,"yes","no","telephone",28,"jan",526,4,258,3,"other","no"
61,"blue-collar","married","primary","no",625,"yes","no","unknown",19,"may",158,2,-1,0,"unknown","no"
56,"blue-collar","married","primary","no",551,"no","no","unknown",29,"may",27,1,-1,0,"unknown","no"
45,"blue-collar","married","secondary","no",2926,"yes","yes","cellular",19,"nov",482,3,120,2,"failure","no"
24,"blue-collar","single","secondary","no",77,"yes","no","unknown",16,"may",236,2,-1,0,"unknown","no"
36,"blue-collar","married","secondary","no",-73,"yes","yes","cellular",18,"may",15,8,-1,0,"unknown","no"
28,"blue-collar","married","primary","no",60,"yes","no","cellular",6,"may",161,1,337,1,"failure","no"
45,"blue-collar","married","primary","no",137,"yes","yes","unknown",16,"may",187,19,-1,0,"unknown","no"
28,"blue-collar","single","secondary","no",1065,"yes","yes","cellular",17,"apr",406,1,317,1,"failure","no"
51,"blue-collar","married","primary","no",1869,"no","no","unknown",17,"jun",30,3,-1,0,"unknown","no"
28,"blue-collar","married","primary","no",702,"yes","no","unknown",26,"jun",318,2,-1,0,"unknown","no"
31,"blue-collar","married","primary","no",0,"yes","yes","unknown",12,"may",59,4,-1,0,"unknown","no"
31,"blue-collar","single","secondary","no",609,"yes","no","cellular",14,"apr",1126,1,335,1,"failure","no"
51,"blue-collar","married","primary","no",42,"yes","no","cellular",12,"may",51,2,342,3,"failure","no"
33,"blue-collar","married","secondary","no",285,"no","yes","unknown",3,"jul",267,1,-1,0,"unknown","no"
38,"blue-collar","single","primary","no",490,"yes","yes","unknown",25,"aug",17,1,-1,0,"unknown","no"
41,"blue-collar","divorced","primary","no",664,"no","yes","cellular",15,"jul",955,5,-1,0,"unknown","yes"
33,"blue-collar","single","secondary","no",5137,"yes","no","cellular",6,"may",123,1,-1,0,"unknown","no"
37,"blue-collar","married","secondary","no",1053,"no","no","unknown",16,"jun",405,3,-1,0,"unknown","no"
43,"blue-collar","married","secondary","no",625,"yes","no","unknown",30,"sep",175,1,-1,0,"unknown","no"
52,"blue-collar","married","primary","no",230,"yes","no","cellular",6,"may",198,2,170,2,"failure","no"
34,"blue-collar","married","secondary","no",1412,"yes","yes","unknown",27,"may",157,2,-1,0,"unknown","no"
43,"blue-collar","married","primary","no",-93,"yes","no","unknown",26,"may",402,2,-1,0,"unknown","no"
29,"blue-collar","married","unknown","no",486,"yes","no","cellular",6,"may",422,1,363,1,"failure","no"
39,"blue-collar","married","primary","no",694,"yes","no","cellular",21,"nov",44,1,-1,0,"unknown","no"
33,"blue-collar","single","secondary","no",697,"no","no","cellular",6,"feb",860,2,-1,0,"unknown","yes"
46,"blue-collar","divorced","primary","no",216,"no","no","cellular",2,"feb",173,1,-1,0,"unknown","no"
41,"blue-collar","married","secondary","no",343,"yes","no","unknown",14,"may",89,7,-1,0,"unknown","no"
33,"blue-collar","married","secondary","no",-77,"yes","no","cellular",28,"jul",151,3,-1,0,"unknown","no"
39,"blue-collar","married","primary","no",1046,"no","no","unknown",19,"jun",112,4,-1,0,"unknown","no"
48,"blue-collar","married","secondary","no",0,"yes","no","unknown",26,"may",105,1,-1,0,"unknown","no"
35,"blue-collar","married","primary","no",319,"yes","no","cellular",16,"jul",221,1,-1,0,"unknown","no"
46,"blue-collar","divorced","primary","no",452,"yes","no","unknown",9,"may",113,4,-1,0,"unknown","no"
31,"blue-collar","married","secondary","no",-498,"yes","no","cellular",21,"jul",357,1,-1,0,"unknown","no"
51,"blue-collar","married","primary","no",3726,"no","yes","cellular",27,"aug",119,12,-1,0,"unknown","no"
54,"blue-collar","married","primary","no",781,"yes","no","unknown",9,"may",103,2,-1,0,"unknown","no"
38,"blue-collar","married","primary","no",1327,"yes","no","cellular",20,"nov",277,1,-1,0,"unknown","no"
31,"blue-collar","single","primary","no",864,"yes","no","telephone",14,"may",113,2,-1,0,"unknown","no"
59,"blue-collar","married","primary","no",0,"no","no","cellular",18,"nov",167,2,-1,0,"unknown","no"
33,"blue-collar","married","secondary","no",0,"yes","yes","cellular",28,"jul",83,12,-1,0,"unknown","no"
29,"blue-collar","married","secondary","no",-478,"no","yes","cellular",8,"jul",528,2,-1,0,"unknown","no"
51,"blue-collar","divorced","primary","no",602,"yes","no","cellular",11,"may",347,1,284,2,"failure","no"
43,"blue-collar","married","primary","no",255,"yes","no","cellular",17,"jul",180,1,-1,0,"unknown","no"
36,"blue-collar","married","secondary","no",63,"yes","no","unknown",2,"jun",56,8,-1,0,"unknown","no"
45,"blue-collar","married","primary","no",907,"no","no","cellular",18,"aug",230,8,-1,0,"unknown","no"
31,"blue-collar","single","primary","no",-495,"yes","no","unknown",29,"may",334,2,-1,0,"unknown","no"
28,"blue-collar","single","secondary","no",-46,"yes","no","cellular",1,"sep",199,1,92,14,"success","yes"
32,"blue-collar","single","secondary","no",33,"yes","no","cellular",18,"may",125,1,368,4,"failure","no"
46,"blue-collar","married","primary","no",174,"no","yes","cellular",15,"jul",90,1,-1,0,"unknown","no"
39,"blue-collar","married","secondary","no",1367,"no","no","unknown",12,"jun",43,1,-1,0,"unknown","no"
51,"blue-collar","married","primary","no",-11,"no","no","telephone",16,"jul",126,4,-1,0,"unknown","no"
43,"blue-collar","married","primary","no",778,"yes","yes","unknown",15,"may",284,5,-1,0,"unknown","no"
28,"blue-collar","married","secondary","no",1325,"yes","no","cellular",15,"may",242,1,-1,0,"unknown","no"
58,"blue-collar","married","primary","no",0,"yes","no","cellular",31,"jul",5,25,-1,0,"unknown","no"
33,"blue-collar","married","secondary","no",139,"yes","yes","cellular",18,"may",732,2,291,5,"failure","yes"
42,"blue-collar","divorced","secondary","no",47,"yes","yes","unknown",8,"may",141,1,-1,0,"unknown","no"
48,"blue-collar","single","secondary","no",-552,"no","yes","cellular",21,"nov",150,2,-1,0,"unknown","no"
42,"blue-collar","married","secondary","no",0,"yes","no","cellular",21,"nov",328,6,-1,0,"unknown","no"
41,"blue-collar","married","primary","no",389,"yes","no","unknown",16,"jun",87,6,-1,0,"unknown","no"
45,"blue-collar","married","primary","no",2433,"no","no","cellular",6,"aug",133,2,-1,0,"unknown","no"
55,"blue-collar","married","secondary","no",383,"no","no","unknown",5,"may",287,1,-1,0,"unknown","no"
30,"blue-collar","single","primary","no",185,"no","no","unknown",26,"jun",11,1,-1,0,"unknown","no"
44,"blue-collar","married","primary","no",-11,"yes","no","unknown",9,"may",13,1,-1,0,"unknown","no"
42,"blue-collar","married","primary","no",704,"yes","yes","telephone",31,"jul",88,10,-1,0,"unknown","no"
44,"blue-collar","single","primary","no",787,"yes","no","unknown",30,"may",570,2,-1,0,"unknown","no"
43,"blue-collar","married","secondary","no",3060,"yes","no","unknown",15,"may",253,2,-1,0,"unknown","no"
32,"blue-collar","married","secondary","no",1905,"yes","no","cellular",16,"jul",709,2,-1,0,"unknown","yes"
54,"blue-collar","divorced","primary","no",-182,"no","no","cellular",9,"jul",98,1,-1,0,"unknown","no"
35,"blue-collar","married","primary","no",46,"no","no","cellular",8,"jul",338,3,-1,0,"unknown","no"
34,"blue-collar","married","secondary","no",103,"yes","yes","unknown",8,"may",956,2,-1,0,"unknown","no"
25,"blue-collar","single","secondary","no",913,"yes","no","cellular",7,"jul",113,4,-1,0,"unknown","no"
38,"blue-collar","divorced","secondary","no",595,"yes","no","cellular",7,"may",245,3,-1,0,"unknown","no"
54,"blue-collar","married","secondary","no",2059,"yes","no","cellular",25,"aug",177,4,-1,0,"unknown","no"
39,"blue-collar","married","primary","no",385,"yes","no","unknown",16,"may",225,4,-1,0,"unknown","no"
51,"blue-collar","married","primary","no",0,"yes","no","cellular",10,"jul",324,1,-1,0,"unknown","no"
48,"blue-collar","married","primary","no",1678,"no","no","cellular",28,"jan",263,2,-1,0,"unknown","no"
34,"blue-collar","married","secondary","no",393,"yes","no","cellular",5,"may",11,9,-1,0,"unknown","no"
28,"blue-collar","married","secondary","no",8,"yes","no","cellular",15,"may",196,1,-1,0,"unknown","no"
32,"blue-collar","divorced","secondary","no",739,"yes","no","unknown",9,"may",171,1,-1,0,"unknown","no"
39,"blue-collar","married","secondary","no",1439,"yes","no","telephone",28,"jul",73,6,-1,0,"unknown","no"
42,"blue-collar","divorced","secondary","no",1491,"yes","no","cellular",6,"may",203,2,334,2,"failure","no"
57,"blue-collar","married","primary","no",23,"yes","no","telephone",31,"jul",25,8,-1,0,"unknown","no"
43,"blue-collar","single","primary","no",30,"yes","no","unknown",30,"may",379,17,-1,0,"unknown","no"
46,"blue-collar","married","secondary","no",0,"yes","no","cellular",8,"may",264,2,-1,0,"unknown","no"
41,"blue-collar","single","secondary","yes",-386,"no","yes","cellular",20,"nov",477,1,-1,0,"unknown","yes"
42,"blue-collar","married","primary","no",7041,"yes","no","cellular",28,"jul",386,4,-1,0,"unknown","no"
46,"blue-collar","married","secondary","no",519,"yes","no","cellular",25,"aug",217,6,-1,0,"unknown","no"
28,"blue-collar","married","secondary","no",64,"yes","no","unknown",13,"may",160,3,-1,0,"unknown","no"
30,"blue-collar","married","secondary","no",-28,"yes","no","cellular",18,"may",284,2,371,1,"failure","no"
46,"blue-collar","married","primary","no",665,"no","no","cellular",30,"jan",89,4,235,2,"failure","no"
42,"blue-collar","married","primary","no",2519,"yes","no","unknown",15,"may",262,4,-1,0,"unknown","no"
26,"blue-collar","single","primary","no",155,"yes","no","cellular",29,"jan",291,1,244,4,"failure","no"
47,"blue-collar","single","unknown","no",2443,"no","no","unknown",18,"jun",422,1,-1,0,"unknown","no"
40,"blue-collar","married","secondary","no",271,"yes","no","unknown",29,"may",483,2,-1,0,"unknown","no"
42,"blue-collar","married","primary","no",505,"yes","no","unknown",14,"may",521,2,-1,0,"unknown","no"
34,"blue-collar","married","secondary","no",2542,"yes","no","cellular",14,"may",228,1,-1,0,"unknown","no"
35,"blue-collar","married","secondary","no",280,"yes","yes","cellular",31,"jul",65,50,-1,0,"unknown","no"
41,"blue-collar","married","primary","no",0,"yes","no","unknown",30,"may",232,3,-1,0,"unknown","no"
33,"blue-collar","married","primary","no",191,"yes","no","unknown",9,"may",162,2,-1,0,"unknown","no"
48,"blue-collar","married","unknown","no",131,"yes","no","unknown",6,"may",189,1,-1,0,"unknown","no"
59,"blue-collar","divorced","secondary","no",3573,"no","no","cellular",15,"may",44,1,-1,0,"unknown","no"
35,"blue-collar","married","secondary","no",1257,"yes","no","cellular",20,"apr",93,3,329,7,"failure","no"
55,"blue-collar","married","unknown","no",23,"no","no","cellular",30,"jan",143,1,2,3,"other","no"
33,"blue-collar","married","secondary","no",745,"yes","no","unknown",23,"may",115,4,-1,0,"unknown","no"
26,"blue-collar","married","primary","no",5116,"yes","no","cellular",22,"jul",246,3,-1,0,"unknown","no"
34,"blue-collar","married","unknown","no",41,"yes","no","cellular",6,"may",34,9,-1,0,"unknown","no"
36,"blue-collar","married","secondary","no",777,"yes","no","cellular",6,"may",185,3,-1,0,"unknown","no"
44,"blue-collar","married","secondary","no",1071,"yes","no","cellular",11,"may",143,3,357,1,"failure","no"
23,"blue-collar","single","unknown","no",817,"yes","no","cellular",18,"may",123,1,-1,0,"unknown","no"
40,"blue-collar","married","secondary","no",0,"yes","yes","unknown",29,"may",245,3,-1,0,"unknown","no"
28,"blue-collar","married","secondary","no",4287,"no","no","cellular",30,"apr",171,1,-1,0,"unknown","no"
38,"blue-collar","married","secondary","no",171,"yes","yes","unknown",20,"may",172,1,-1,0,"unknown","no"
45,"blue-collar","married","secondary","no",827,"yes","no","unknown",15,"may",319,5,-1,0,"unknown","no"
39,"blue-collar","married","primary","no",2226,"yes","no","unknown",6,"may",158,1,-1,0,"unknown","no"
32,"blue-collar","married","secondary","no",9,"yes","no","cellular",17,"apr",334,2,-1,0,"unknown","no"
35,"blue-collar","single","secondary","no",376,"yes","yes","unknown",6,"may",207,3,-1,0,"unknown","no"
35,"blue-collar","divorced","primary","no",-587,"yes","no","unknown",26,"may",111,1,-1,0,"unknown","no"
36,"blue-collar","single","primary","no",367,"no","no","cellular",2,"feb",217,1,221,1,"failure","no"
25,"blue-collar","married","primary","yes",-589,"yes","no","unknown",3,"jun",233,1,-1,0,"unknown","no"
32,"blue-collar","married","primary","no",642,"no","yes","cellular",8,"jul",524,1,-1,0,"unknown","no"
33,"blue-collar","single","secondary","no",-320,"no","no","cellular",18,"may",268,2,-1,0,"unknown","no"
45,"blue-collar","married","secondary","no",776,"yes","no","cellular",6,"feb",232,4,253,1,"failure","no"
24,"blue-collar","single","unknown","no",431,"yes","no","unknown",3,"jun",108,12,-1,0,"unknown","no"
42,"blue-collar","married","primary","no",2111,"yes","no","cellular",7,"may",86,2,-1,0,"unknown","no"
48,"blue-collar","married","primary","no",5366,"yes","no","unknown",21,"may",248,3,-1,0,"unknown","no"
31,"blue-collar","divorced","secondary","no",-452,"yes","no","unknown",26,"may",182,5,-1,0,"unknown","no"
38,"blue-collar","married","primary","no",290,"yes","no","cellular",16,"apr",283,1,-1,0,"unknown","no"
46,"blue-collar","married","primary","no",143,"yes","no","unknown",7,"may",279,1,-1,0,"unknown","no"
33,"blue-collar","married","primary","no",3074,"no","no","cellular",18,"nov",679,1,-1,0,"unknown","no"
51,"blue-collar","married","secondary","no",397,"yes","no","cellular",20,"aug",293,2,-1,0,"unknown","no"
33,"blue-collar","married","secondary","no",640,"yes","no","cellular",3,"feb",439,3,-1,0,"unknown","no"
45,"blue-collar","single","secondary","no",0,"yes","no","cellular",26,"apr",1472,1,192,4,"failure","yes"
28,"blue-collar","single","secondary","no",43,"no","no","unknown",19,"may",190,1,-1,0,"unknown","no"
48,"blue-collar","married","primary","no",574,"no","no","cellular",5,"aug",348,1,-1,0,"unknown","no"
24,"blue-collar","married","secondary","no",-220,"yes","no","cellular",2,"apr",90,1,-1,0,"unknown","no"
34,"blue-collar","married","secondary","no",67,"yes","yes","unknown",8,"may",672,3,-1,0,"unknown","no"
31,"blue-collar","married","secondary","no",0,"no","yes","telephone",15,"jul",275,2,-1,0,"unknown","no"
45,"blue-collar","married","primary","no",0,"no","no","cellular",26,"aug",454,2,-1,0,"unknown","no"
57,"blue-collar","married","secondary","no",1521,"yes","yes","cellular",18,"may",102,2,178,5,"failure","no"
37,"blue-collar","married","primary","no",403,"yes","no","cellular",8,"may",318,2,338,1,"success","no"
41,"blue-collar","single","secondary","no",75,"yes","no","unknown",1,"jul",479,9,-1,0,"unknown","yes"
31,"blue-collar","single","primary","no",-280,"no","no","unknown",21,"may",281,3,-1,0,"unknown","no"
53,"blue-collar","married","secondary","no",25,"no","no","cellular",22,"aug",528,2,-1,0,"unknown","yes"
27,"blue-collar","single","primary","no",-179,"yes","no","cellular",15,"may",54,2,-1,0,"unknown","no"
34,"blue-collar","single","tertiary","no",1011,"yes","no","unknown",6,"may",136,1,-1,0,"unknown","no"
48,"blue-collar","married","secondary","no",1159,"yes","yes","cellular",15,"may",1181,9,-1,0,"unknown","no"
34,"blue-collar","married","secondary","no",8309,"yes","yes","cellular",19,"nov",50,1,-1,0,"unknown","no"
47,"blue-collar","married","secondary","no",1203,"yes","no","cellular",17,"apr",239,2,-1,0,"unknown","no"
40,"blue-collar","married","secondary","no",-839,"yes","yes","cellular",16,"jul",1018,2,-1,0,"unknown","yes"
23,"blue-collar","single","primary","no",8627,"yes","no","unknown",3,"jun",281,1,-1,0,"unknown","no"
34,"blue-collar","married","secondary","no",247,"yes","yes","unknown",26,"may",193,5,-1,0,"unknown","no"
57,"blue-collar","married","primary","no",1592,"no","yes","unknown",20,"jun",78,4,-1,0,"unknown","no"
34,"blue-collar","married","secondary","no",1221,"yes","no","cellular",6,"may",182,1,90,8,"failure","no"
35,"blue-collar","divorced","secondary","no",0,"yes","no","unknown",8,"may",477,1,-1,0,"unknown","no"
42,"blue-collar","married","secondary","no",2157,"yes","no","cellular",13,"may",149,1,364,2,"failure","no"
37,"blue-collar","married","secondary","no",685,"yes","no","unknown",6,"jun",968,1,-1,0,"unknown","no"
58,"blue-collar","married","secondary","no",602,"yes","no","cellular",13,"may",201,1,-1,0,"unknown","no"
59,"blue-collar","married","secondary","no",5314,"yes","no","cellular",5,"may",200,3,-1,0,"unknown","no"
28,"blue-collar","single","secondary","no",6307,"yes","no","unknown",28,"may",615,1,-1,0,"unknown","no"
32,"blue-collar","married","secondary","no",478,"yes","no","unknown",3,"jun",200,1,-1,0,"unknown","no"
44,"blue-collar","married","secondary","no",1910,"yes","no","unknown",5,"jun",41,1,-1,0,"unknown","no"
36,"blue-collar","married","secondary","no",141,"yes","no","unknown",23,"may",106,3,-1,0,"unknown","no"
34,"blue-collar","married","secondary","no",516,"yes","yes","unknown",2,"jun",26,1,-1,0,"unknown","no"
53,"blue-collar","single","secondary","no",5715,"no","no","cellular",28,"jan",287,2,-1,0,"unknown","no"
44,"blue-collar","married","primary","no",134,"yes","no","cellular",7,"may",378,1,-1,0,"unknown","no"
30,"blue-collar","single","secondary","no",648,"yes","yes","unknown",8,"may",287,1,-1,0,"unknown","no"
57,"blue-collar","married","primary","no",179,"no","no","unknown",9,"jun",230,3,-1,0,"unknown","no"
27,"blue-collar","married","secondary","no",818,"yes","no","unknown",3,"jun",188,5,-1,0,"unknown","no"
43,"blue-collar","married","secondary","no",699,"yes","yes","cellular",20,"nov",1258,2,122,2,"other","yes"
47,"blue-collar","married","primary","no",881,"yes","no","cellular",14,"may",143,1,370,2,"failure","no"
23,"blue-collar","single","primary","no",8627,"yes","no","cellular",15,"may",169,1,346,1,"failure","no"
55,"blue-collar","married","primary","no",1649,"yes","no","cellular",12,"may",52,3,-1,0,"unknown","no"
29,"blue-collar","single","secondary","no",555,"yes","no","cellular",15,"may",133,4,-1,0,"unknown","no"
37,"blue-collar","single","secondary","no",48,"no","no","cellular",6,"may",140,2,-1,0,"unknown","no"
24,"blue-collar","married","secondary","no",-254,"yes","yes","unknown",27,"may",290,2,-1,0,"unknown","no"
43,"blue-collar","divorced","primary","no",92,"yes","no","unknown",15,"may",237,2,-1,0,"unknown","no"
40,"blue-collar","married","secondary","no",326,"yes","yes","cellular",7,"jul",112,1,-1,0,"unknown","no"
46,"blue-collar","married","secondary","no",123,"no","no","cellular",20,"aug",381,3,-1,0,"unknown","no"
37,"blue-collar","married","primary","no",655,"yes","no","cellular",5,"feb",127,2,258,4,"failure","no"
24,"blue-collar","married","secondary","no",9,"yes","no","unknown",27,"may",292,7,-1,0,"unknown","no"
49,"blue-collar","married","secondary","no",2039,"yes","no","cellular",6,"may",451,1,169,2,"failure","yes"
52,"blue-collar","divorced","primary","no",-97,"yes","yes","unknown",9,"may",167,4,-1,0,"unknown","no"
33,"blue-collar","married","tertiary","no",1465,"no","no","cellular",19,"aug",98,4,-1,0,"unknown","no"
30,"blue-collar","married","secondary","no",125,"yes","no","unknown",29,"may",238,2,-1,0,"unknown","no"
58,"blue-collar","married","primary","no",73,"no","no","unknown",17,"jun",116,1,-1,0,"unknown","no"
33,"blue-collar","divorced","secondary","no",-131,"yes","no","unknown",16,"may",145,1,-1,0,"unknown","no"
36,"blue-collar","married","secondary","no",688,"yes","no","unknown",6,"may",174,2,-1,0,"unknown","no"
46,"blue-collar","married","primary","no",147,"yes","no","cellular",6,"may",116,2,169,3,"failure","no"
59,"blue-collar","married","secondary","no",681,"yes","no","telephone",14,"apr",427,2,-1,0,"unknown","no"
32,"blue-collar","married","secondary","no",1787,"yes","no","cellular",12,"may",87,4,357,4,"failure","no"
41,"blue-collar","married","primary","no",4,"no","no","cellular",23,"jul",74,5,-1,0,"unknown","no"
35,"blue-collar","married","primary","no",3587,"yes","no","unknown",30,"may",148,4,-1,0,"unknown","no"
46,"blue-collar","divorced","primary","no",1712,"no","no","unknown",19,"jun",110,1,-1,0,"unknown","no"
46,"blue-collar","married","secondary","no",4855,"yes","no","cellular",10,"aug",1529,1,397,1,"failure","no"
37,"blue-collar","married","secondary","no",346,"yes","no","cellular",17,"apr",390,1,316,1,"failure","no"
28,"blue-collar","single","secondary","no",56,"yes","no","unknown",23,"may",66,1,-1,0,"unknown","no"
44,"blue-collar","divorced","secondary","no",221,"no","no","cellular",30,"jul",149,13,-1,0,"unknown","no"
56,"blue-collar","married","primary","no",828,"yes","no","cellular",14,"may",214,1,349,1,"failure","no"
29,"blue-collar","married","secondary","no",125,"yes","no","unknown",13,"may",50,1,-1,0,"unknown","no"
44,"blue-collar","married","secondary","no",508,"yes","no","cellular",20,"apr",222,1,154,1,"failure","no"
57,"blue-collar","married","primary","no",93,"yes","no","telephone",17,"apr",137,1,-1,0,"unknown","no"
34,"blue-collar","married","primary","no",351,"no","yes","cellular",14,"jul",326,11,-1,0,"unknown","no"
43,"blue-collar","married","primary","no",60,"no","no","cellular",8,"may",487,2,367,2,"other","no"
37,"blue-collar","married","secondary","no",342,"yes","no","cellular",12,"may",340,2,175,1,"failure","no"
36,"blue-collar","single","tertiary","no",1830,"no","no","cellular",14,"oct",183,1,91,11,"failure","no"
39,"blue-collar","married","primary","no",2303,"yes","no","unknown",17,"jun",775,3,-1,0,"unknown","yes"
53,"blue-collar","married","secondary","no",65,"no","no","cellular",28,"aug",25,18,-1,0,"unknown","no"
40,"blue-collar","married","primary","no",1397,"yes","no","telephone",12,"may",58,2,334,1,"failure","no"
43,"blue-collar","married","primary","no",232,"no","yes","cellular",15,"may",45,1,-1,0,"unknown","no"
46,"blue-collar","married","primary","no",1429,"yes","no","unknown",14,"may",91,1,-1,0,"unknown","no"
34,"blue-collar","married","secondary","no",518,"yes","no","cellular",11,"may",206,1,-1,0,"unknown","no"
34,"blue-collar","married","secondary","no",856,"yes","no","cellular",20,"apr",470,1,150,5,"other","no"
39,"blue-collar","married","primary","no",800,"yes","no","cellular",19,"nov",76,6,-1,0,"unknown","no"
47,"blue-collar","married","secondary","no",3285,"no","no","cellular",31,"jul",248,5,-1,0,"unknown","no"
33,"blue-collar","married","primary","no",925,"no","no","cellular",20,"nov",884,3,-1,0,"unknown","no"
36,"blue-collar","married","secondary","no",1587,"yes","no","cellular",28,"jul",200,2,-1,0,"unknown","no"
53,"blue-collar","married","primary","no",1868,"no","no","cellular",8,"aug",156,4,-1,0,"unknown","no"
45,"blue-collar","married","secondary","no",4646,"yes","no","unknown",13,"may",118,1,-1,0,"unknown","no"
32,"blue-collar","married","secondary","no",736,"yes","no","unknown",23,"may",700,3,-1,0,"unknown","no"
53,"blue-collar","married","secondary","no",427,"no","yes","cellular",14,"aug",360,4,-1,0,"unknown","no"
38,"blue-collar","married","secondary","no",376,"yes","no","unknown",7,"may",1521,1,-1,0,"unknown","no"
37,"blue-collar","married","primary","no",11,"no","no","telephone",30,"jul",109,8,-1,0,"unknown","no"
44,"blue-collar","married","primary","no",2657,"yes","no","unknown",20,"jun",202,2,-1,0,"unknown","no"
38,"blue-collar","married","primary","no",1679,"yes","no","unknown",20,"jun",21,18,-1,0,"unknown","no"
30,"blue-collar","single","secondary","no",2145,"yes","no","cellular",18,"may",727,2,-1,0,"unknown","yes"
57,"blue-collar","married","primary","no",318,"yes","no","unknown",27,"may",206,2,-1,0,"unknown","no"
52,"blue-collar","married","primary","no",2,"no","no","unknown",9,"jun",70,3,-1,0,"unknown","no"
57,"blue-collar","married","primary","yes",195,"no","yes","telephone",30,"jul",185,4,-1,0,"unknown","no"
42,"blue-collar","divorced","unknown","no",0,"no","no","cellular",7,"jul",64,2,-1,0,"unknown","no"
37,"blue-collar","married","primary","no",3242,"yes","no","unknown",21,"may",233,1,-1,0,"unknown","no"
39,"blue-collar","married","primary","no",20,"yes","no","unknown",7,"may",109,1,-1,0,"unknown","no"
42,"blue-collar","married","secondary","no",3068,"yes","yes","cellular",11,"may",429,2,-1,0,"unknown","no"
35,"blue-collar","single","primary","no",1147,"yes","yes","telephone",7,"may",29,1,-1,0,"unknown","no"
54,"blue-collar","married","secondary","no",-630,"no","no","unknown",23,"may",173,1,-1,0,"unknown","no"
46,"blue-collar","married","primary","no",328,"yes","no","unknown",21,"may",526,8,-1,0,"unknown","no"
75,"blue-collar","married","secondary","no",6053,"no","no","cellular",11,"feb",865,2,190,1,"failure","no"
42,"blue-collar","married","primary","no",1156,"yes","no","telephone",20,"apr",37,1,-1,0,"unknown","no"
39,"blue-collar","married","secondary","no",285,"yes","yes","unknown",6,"may",209,1,-1,0,"unknown","no"
28,"blue-collar","single","primary","no",1199,"yes","no","cellular",30,"jul",1011,20,-1,0,"unknown","no"
36,"blue-collar","single","secondary","no",168,"yes","no","telephone",12,"may",52,1,-1,0,"unknown","no"
33,"blue-collar","married","secondary","no",331,"yes","no","cellular",14,"may",178,7,365,5,"other","no"
36,"blue-collar","married","secondary","no",1554,"yes","no","unknown",12,"may",325,4,-1,0,"unknown","no"
54,"blue-collar","married","primary","no",2281,"yes","no","unknown",20,"jun",158,1,-1,0,"unknown","no"
46,"blue-collar","married","secondary","no",137,"no","no","unknown",20,"jun",252,3,-1,0,"unknown","no"
32,"blue-collar","married","secondary","no",3514,"yes","no","unknown",20,"may",226,2,-1,0,"unknown","no"
30,"blue-collar","married","primary","no",-518,"yes","yes","unknown",28,"may",244,6,-1,0,"unknown","no"
41,"blue-collar","married","primary","no",-204,"yes","yes","unknown",6,"jun",42,1,-1,0,"unknown","no"
38,"blue-collar","married","secondary","no",648,"yes","no","unknown",3,"jun",179,1,-1,0,"unknown","no"
34,"blue-collar","married","secondary","no",470,"yes","yes","cellular",20,"apr",217,1,-1,0,"unknown","no"
33,"blue-collar","single","secondary","no",5739,"yes","yes","cellular",21,"nov",374,1,-1,0,"unknown","no"
32,"blue-collar","single","secondary","no",2285,"yes","no","unknown",14,"may",413,2,-1,0,"unknown","no"
32,"blue-collar","single","secondary","no",53,"yes","no","cellular",18,"nov",276,1,195,1,"failure","no"
43,"blue-collar","married","primary","no",2519,"yes","no","cellular",16,"apr",257,2,146,9,"other","no"
52,"blue-collar","married","secondary","no",2087,"yes","no","cellular",31,"aug",267,1,474,1,"failure","yes"
33,"blue-collar","married","secondary","no",-241,"yes","yes","unknown",27,"may",169,1,-1,0,"unknown","no"
50,"blue-collar","divorced","primary","no",1545,"yes","no","cellular",20,"nov",25,1,-1,0,"unknown","no"
60,"blue-collar","married","secondary","no",1801,"no","no","telephone",29,"oct",167,1,-1,0,"unknown","no"
39,"blue-collar","married","unknown","no",157,"yes","no","unknown",30,"may",99,6,-1,0,"unknown","no"
55,"blue-collar","married","primary","no",284,"no","yes","telephone",14,"jul",252,4,-1,0,"unknown","no"
32,"blue-collar","married","primary","no",66,"no","no","cellular",19,"nov",244,1,-1,0,"unknown","no"
58,"blue-collar","divorced","secondary","no",314,"no","no","unknown",25,"jun",67,2,-1,0,"unknown","no"
45,"blue-collar","married","secondary","no",192,"yes","no","cellular",13,"may",154,5,176,1,"other","no"
44,"blue-collar","married","secondary","no",788,"yes","no","cellular",17,"apr",392,1,-1,0,"unknown","no"
37,"blue-collar","divorced","secondary","no",48,"yes","no","unknown",8,"may",133,2,-1,0,"unknown","no"
35,"blue-collar","married","secondary","no",262,"no","no","cellular",2,"jul",96,2,109,4,"success","no"
36,"blue-collar","married","secondary","no",4438,"yes","no","unknown",20,"may",446,1,-1,0,"unknown","yes"
32,"blue-collar","single","tertiary","no",3014,"yes","no","cellular",7,"may",291,2,-1,0,"unknown","no"
31,"blue-collar","single","tertiary","no",2197,"yes","no","unknown",23,"may",146,3,-1,0,"unknown","no"
60,"blue-collar","married","unknown","no",104,"yes","no","unknown",5,"may",22,1,-1,0,"unknown","no"
45,"blue-collar","married","primary","no",2128,"yes","no","unknown",19,"may",149,4,-1,0,"unknown","no"
30,"blue-collar","single","primary","no",71,"yes","no","unknown",19,"may",122,6,-1,0,"unknown","no"
58,"blue-collar","married","secondary","no",590,"no","yes","unknown",5,"jun",133,1,-1,0,"unknown","no"
40,"blue-collar","single","secondary","no",3,"no","no","cellular",19,"nov",998,1,-1,0,"unknown","yes"
35,"blue-collar","divorced","primary","no",1792,"yes","no","cellular",31,"jul",630,6,-1,0,"unknown","yes"
30,"blue-collar","single","secondary","no",178,"yes","no","unknown",20,"may",747,5,-1,0,"unknown","no"
28,"blue-collar","single","secondary","no",416,"yes","no","unknown",13,"may",452,2,-1,0,"unknown","no"
60,"blue-collar","married","primary","no",1472,"no","no","unknown",20,"jun",36,4,-1,0,"unknown","no"
58,"blue-collar","married","secondary","no",0,"no","yes","cellular",14,"apr",101,5,-1,0,"unknown","no"
29,"blue-collar","married","secondary","no",228,"yes","no","cellular",11,"may",12,8,342,9,"failure","no"
58,"blue-collar","married","primary","no",23,"yes","no","unknown",20,"may",91,6,-1,0,"unknown","no"
34,"blue-collar","divorced","secondary","no",0,"no","yes","unknown",21,"may",339,1,-1,0,"unknown","no"
30,"blue-collar","single","primary","no",395,"no","no","cellular",21,"nov",429,1,-1,0,"unknown","no"
31,"blue-collar","single","secondary","no",1882,"no","no","cellular",7,"may",529,2,-1,0,"unknown","no"
49,"blue-collar","married","primary","no",937,"yes","no","unknown",12,"jun",66,1,-1,0,"unknown","no"
53,"blue-collar","married","primary","no",25,"yes","no","unknown",6,"may",266,3,-1,0,"unknown","no"
33,"blue-collar","married","secondary","no",467,"yes","no","unknown",21,"may",494,2,-1,0,"unknown","no"
33,"blue-collar","married","secondary","no",26,"yes","no","cellular",17,"apr",342,3,332,1,"other","no"
50,"blue-collar","married","unknown","no",452,"no","no","cellular",20,"aug",181,2,-1,0,"unknown","no"
42,"blue-collar","single","secondary","no",382,"yes","no","cellular",13,"may",294,1,-1,0,"unknown","no"
33,"blue-collar","single","secondary","no",142,"yes","no","cellular",14,"may",123,1,360,3,"other","no"
37,"blue-collar","married","unknown","no",897,"yes","no","cellular",13,"apr",119,2,280,2,"failure","no"
37,"blue-collar","married","secondary","no",103,"yes","no","cellular",12,"may",153,1,-1,0,"unknown","no"
32,"blue-collar","married","secondary","no",517,"yes","no","unknown",5,"may",528,1,-1,0,"unknown","no"
36,"blue-collar","married","unknown","no",70,"yes","no","unknown",8,"may",219,4,-1,0,"unknown","no"
48,"blue-collar","single","primary","no",316,"no","no","unknown",5,"jun",560,2,-1,0,"unknown","no"
34,"blue-collar","married","secondary","no",326,"yes","yes","unknown",15,"may",150,2,-1,0,"unknown","no"
52,"blue-collar","married","primary","no",36,"no","no","cellular",13,"aug",109,2,-1,0,"unknown","no"
41,"blue-collar","married","primary","no",7735,"yes","no","cellular",20,"nov",220,1,190,1,"failure","no"
26,"blue-collar","married","secondary","no",2770,"yes","no","unknown",8,"may",141,1,-1,0,"unknown","no"
35,"blue-collar","married","secondary","no",444,"yes","no","cellular",15,"apr",244,3,-1,0,"unknown","no"
49,"blue-collar","married","unknown","no",3096,"no","no","unknown",16,"jun",147,2,-1,0,"unknown","no"
40,"blue-collar","married","secondary","no",6767,"yes","no","cellular",20,"nov",97,2,-1,0,"unknown","no"
41,"blue-collar","married","primary","no",389,"yes","no","unknown",16,"jun",127,2,-1,0,"unknown","no"
34,"blue-collar","married","secondary","no",360,"yes","no","telephone",19,"nov",46,1,182,2,"failure","no"
38,"blue-collar","married","secondary","no",5092,"yes","no","unknown",17,"jun",145,6,-1,0,"unknown","no"
38,"blue-collar","divorced","secondary","no",889,"no","yes","unknown",18,"jun",362,1,-1,0,"unknown","no"
48,"blue-collar","married","primary","no",750,"yes","no","cellular",18,"may",90,6,-1,0,"unknown","no"
46,"blue-collar","married","primary","no",1291,"yes","no","cellular",14,"may",142,3,259,17,"failure","no"
33,"blue-collar","married","secondary","no",625,"yes","no","unknown",28,"may",410,1,-1,0,"unknown","no"
38,"blue-collar","married","secondary","no",526,"yes","yes","unknown",23,"may",553,2,-1,0,"unknown","no"
37,"blue-collar","married","secondary","no",954,"yes","no","unknown",2,"jun",402,9,-1,0,"unknown","no"
50,"blue-collar","married","primary","no",-1,"no","no","cellular",19,"aug",195,2,-1,0,"unknown","no"
