"age","job","marital","education","default","balance","housing","loan","contact","day","month","duration","campaign","pdays","previous","poutcome","y"
43,"admin.","married","secondary","no",264,"yes","no","cellular",17,"apr",113,2,-1,0,"unknown","no"
37,"admin.","single","tertiary","no",2317,"yes","no","cellular",20,"apr",114,1,152,2,"failure","no"
53,"admin.","married","secondary","no",105,"no","yes","cellular",21,"aug",74,2,-1,0,"unknown","no"
42,"admin.","divorced","secondary","no",1811,"yes","no","unknown",14,"may",150,1,-1,0,"unknown","no"
61,"admin.","married","unknown","no",4629,"yes","no","cellular",27,"jan",181,1,92,1,"success","yes"
48,"admin.","married","secondary","no",3064,"yes","no","telephone",15,"jul",159,2,-1,0,"unknown","no"
56,"admin.","married","secondary","no",16873,"no","no","cellular",7,"oct",223,1,-1,0,"unknown","no"
27,"admin.","divorced","secondary","no",451,"yes","no","cellular",16,"jul",652,1,-1,0,"unknown","yes"
28,"admin.","single","secondary","no",177,"yes","yes","cellular",6,"may",150,1,-1,0,"unknown","no"
38,"admin.","married","secondary","no",424,"yes","no","cellular",17,"apr",279,1,-1,0,"unknown","no"
41,"admin.","married","tertiary","no",5426,"yes","no","unknown",14,"may",149,2,-1,0,"unknown","no"
30,"admin.","single","tertiary","no",261,"no","no","cellular",19,"oct",233,1,137,20,"failure","no"
22,"admin.","single","secondary","no",4111,"no","yes","cellular",19,"aug",65,1,-1,0,"unknown","no"
31,"admin.","divorced","secondary","no",1890,"yes","no","cellular",21,"jul",588,1,-1,0,"unknown","no"
48,"admin.","married","unknown","no",0,"yes","no","cellular",8,"may",85,1,168,2,"failure","no"
29,"admin.","single","secondary","no",428,"yes","yes","cellular",7,"may",54,1,345,2,"failure","no"
42,"admin.","married","secondary","no",323,"yes","yes","unknown",8,"may",280,2,-1,0,"unknown","no"
46,"admin.","married","secondary","no",179,"yes","no","cellular",29,"jan",194,4,436,1,"other","no"
55,"admin.","married","secondary","no",602,"no","no","cellular",1,"jun",324,3,90,2,"success","yes"
25,"admin.","single","secondary","no",4590,"yes","no","unknown",28,"may",199,2,-1,0,"unknown","no"
41,"admin.","single","secondary","no",-256,"no","yes","unknown",9,"may",35,3,-1,0,"unknown","no"
31,"admin.","single","secondary","no",2104,"yes","no","unknown",3,"jun",455,1,-1,0,"unknown","no"
40,"admin.","single","secondary","no",462,"yes","yes","cellular",6,"apr",272,1,335,4,"other","no"
32,"admin.","married","secondary","no",1031,"yes","no","cellular",17,"jul",84,1,-1,0,"unknown","no"
43,"admin.","married","secondary","no",-465,"yes","yes","cellular",23,"jul",166,1,-1,0,"unknown","no"
44,"admin.","married","secondary","no",5181,"yes","yes","cellular",31,"jul",18,7,-1,0,"unknown","no"
37,"admin.","married","secondary","no",176,"yes","no","cellular",5,"may",147,2,347,1,"failure","no"
37,"admin.","married","tertiary","no",0,"yes","no","cellular",17,"nov",65,2,119,1,"failure","no"
34,"admin.","single","secondary","no",6979,"yes","no","cellular",15,"may",14,5,-1,0,"unknown","no"
40,"admin.","divorced","secondary","no",6,"no","no","unknown",11,"jun",140,1,-1,0,"unknown","no"
34,"admin.","married","tertiary","no",899,"yes","no","telephone",19,"nov",377,3,7,4,"success","no"
34,"admin.","single","secondary","no",1,"yes","no","cellular",22,"jul",483,7,-1,0,"unknown","no"
27,"admin.","married","secondary","no",-247,"yes","yes","unknown",4,"jun",344,2,-1,0,"unknown","no"
38,"admin.","single","secondary","no",902,"yes","no","telephone",31,"jul",58,13,-1,0,"unknown","no"
42,"admin.","divorced","secondary","no",63,"no","no","unknown",16,"may",88,6,-1,0,"unknown","no"
47,"admin.","married","secondary","no",1060,"yes","no","unknown",6,"jun",83,3,-1,0,"unknown","no"
34,"admin.","married","tertiary","no",69,"no","yes","cellular",4,"aug",120,3,1,6,"success","yes"
38,"admin.","married","tertiary","no",605,"no","no","cellular",18,"nov",147,2,-1,0,"unknown","no"
25,"admin.","single","tertiary","no",760,"yes","no","cellular",27,"may",223,3,89,2,"failure","yes"
50,"admin.","married","primary","no",276,"no","yes","unknown",17,"jun",641,6,-1,0,"unknown","no"
45,"admin.","married","unknown","no",1783,"no","no","unknown",20,"jun",11,11,-1,0,"unknown","no"
48,"admin.","single","secondary","no",1150,"yes","no","unknown",28,"may",357,1,-1,0,"unknown","no"
37,"admin.","married","secondary","no",121,"no","no","cellular",22,"jul",22,6,-1,0,"unknown","no"
34,"admin.","married","secondary","no",244,"yes","no","cellular",31,"jul",56,4,-1,0,"unknown","no"
44,"admin.","married","secondary","no",0,"yes","yes","unknown",16,"may",159,1,-1,0,"unknown","no"
48,"admin.","divorced","secondary","no",4099,"no","no","cellular",2,"apr",397,2,-1,0,"unknown","yes"
42,"admin.","married","secondary","no",-396,"yes","no","cellular",11,"may",80,1,308,4,"failure","no"
34,"admin.","married","secondary","no",613,"yes","no","cellular",4,"jun",80,1,-1,0,"unknown","no"
54,"admin.","married","secondary","no",0,"no","no","cellular",28,"jan",161,1,98,2,"failure","yes"
42,"admin.","divorced","secondary","no",1076,"yes","no","unknown",14,"may",213,1,-1,0,"unknown","no"
27,"admin.","single","secondary","no",619,"yes","no","cellular",20,"apr",16,5,322,4,"other","no"
37,"admin.","divorced","tertiary","no",4303,"yes","no","unknown",23,"may",168,1,-1,0,"unknown","no"
30,"admin.","single","secondary","no",239,"yes","no","cellular",7,"may",115,3,-1,0,"unknown","no"
47,"admin.","married","secondary","no",2,"no","no","cellular",10,"jul",89,1,-1,0,"unknown","no"
35,"admin.","divorced","secondary","no",-402,"yes","no","cellular",17,"apr",46,1,-1,0,"unknown","no"
61,"admin.","married","secondary","no",4608,"no","no","cellular",12,"mar",212,1,-1,0,"unknown","yes"
53,"admin.","married","secondary","no",1796,"no","no","telephone",16,"mar",295,1,91,2,"success","yes"
46,"admin.","married","secondary","no",22,"no","no","cellular",26,"aug",388,6,-1,0,"unknown","yes"
58,"admin.","married","secondary","no",2,"yes","yes","telephone",25,"jul",282,9,-1,0,"unknown","no"
43,"admin.","divorced","secondary","no",738,"yes","no","cellular",21,"nov",585,4,191,4,"failure","no"
27,"admin.","married","secondary","no",1033,"yes","no","unknown",9,"may",1713,1,-1,0,"unknown","no"
34,"admin.","single","secondary","no",663,"yes","no","cellular",20,"apr",111,1,-1,0,"unknown","no"
41,"admin.","married","secondary","no",920,"yes","yes","unknown",27,"may",239,1,-1,0,"unknown","no"
47,"admin.","single","secondary","no",3696,"no","no","cellular",12,"jul",250,2,181,4,"success","yes"
49,"admin.","married","secondary","no",2465,"no","no","cellular",20,"aug",157,3,-1,0,"unknown","no"
37,"admin.","married","secondary","no",1314,"yes","no","cellular",8,"may",682,2,85,7,"success","no"
31,"admin.","married","secondary","no",236,"yes","yes","telephone",4,"may",211,3,-1,0,"unknown","no"
31,"admin.","married","secondary","no",88,"yes","yes","cellular",8,"aug",189,2,-1,0,"unknown","no"
57,"admin.","divorced","unknown","no",887,"no","no","unknown",20,"jun",43,8,-1,0,"unknown","no"
53,"admin.","single","secondary","no",1178,"yes","no","unknown",15,"may",295,2,-1,0,"unknown","no"
28,"admin.","single","unknown","no",174,"no","no","cellular",28,"sep",184,1,-1,0,"unknown","no"
30,"admin.","single","secondary","no",-635,"no","no","cellular",25,"jul",250,1,-1,0,"unknown","no"
33,"admin.","married","secondary","no",1158,"yes","no","cellular",20,"apr",25,2,-1,0,"unknown","no"
28,"admin.","single","secondary","no",26,"yes","no","cellular",7,"may",227,2,-1,0,"unknown","no"
57,"admin.","divorced","primary","no",1,"no","no","unknown",15,"may",17,10,-1,0,"unknown","no"
46,"admin.","married","secondary","no",3098,"yes","no","telephone",21,"nov",192,9,-1,0,"unknown","no"
32,"admin.","single","secondary","no",739,"yes","no","cellular",20,"nov",91,3,-1,0,"unknown","no"
50,"admin.","married","secondary","no",231,"yes","no","cellular",21,"nov",397,2,-1,0,"unknown","no"
59,"admin.","married","secondary","no",817,"no","no","cellular",9,"apr",304,1,-1,0,"unknown","no"
42,"admin.","single","secondary","no",1022,"yes","no","unknown",5,"may",146,2,-1,0,"unknown","no"
55,"admin.","married","primary","no",343,"yes","no","cellular",14,"jul",276,3,-1,0,"unknown","no"
51,"admin.","single","tertiary","no",16,"yes","no","cellular",30,"jan",158,1,-1,0,"unknown","no"
38,"admin.","married","secondary","no",3190,"yes","no","unknown",20,"jun",20,2,-1,0,"unknown","no"
41,"admin.","single","secondary","no",1020,"yes","no","unknown",19,"may",882,1,-1,0,"unknown","yes"
37,"admin.","married","secondary","no",11303,"no","no","cellular",26,"may",500,2,-1,0,"unknown","no"
26,"admin.","single","secondary","no",255,"no","no","cellular",30,"apr",457,1,80,1,"success","yes"
34,"admin.","married","tertiary","no",35,"yes","no","cellular",15,"oct",76,1,69,2,"failure","no"
25,"admin.","married","secondary","no",18,"yes","no","cellular",18,"jul",225,1,-1,0,"unknown","no"
38,"admin.","married","primary","no",3913,"yes","no","cellular",20,"apr",196,2,315,2,"failure","no"
51,"admin.","divorced","secondary","no",340,"yes","no","unknown",8,"may",186,1,-1,0,"unknown","no"
41,"admin.","married","secondary","no",2993,"yes","no","cellular",22,"jul",24,12,-1,0,"unknown","no"
51,"admin.","married","secondary","no",2662,"no","no","telephone",28,"jan",148,2,-1,0,"unknown","no"
52,"admin.","married","secondary","no",2347,"no","yes","cellular",12,"aug",603,3,-1,0,"unknown","no"
44,"admin.","married","secondary","no",262,"yes","no","cellular",9,"jul",74,1,-1,0,"unknown","no"
37,"admin.","married","tertiary","no",3913,"yes","no","cellular",27,"apr",124,1,-1,0,"unknown","yes"
31,"admin.","married","secondary","no",314,"yes","no","cellular",17,"apr",279,1,-1,0,"unknown","no"
39,"admin.","single","secondary","no",1242,"yes","no","unknown",12,"may",303,3,-1,0,"unknown","no"
36,"admin.","married","secondary","no",470,"yes","no","cellular",31,"jul",101,4,-1,0,"unknown","no"
45,"admin.","married","secondary","no",5346,"yes","yes","unknown",21,"oct",187,1,-1,0,"unknown","yes"
32,"admin.","married","tertiary","no",0,"yes","no","unknown",5,"may",138,1,-1,0,"unknown","no"
46,"admin.","married","secondary","no",1069,"yes","no","unknown",8,"may",45,2,-1,0,"unknown","no"
31,"admin.","married","secondary","no",0,"yes","yes","unknown",6,"may",144,2,-1,0,"unknown","no"
36,"admin.","married","unknown","no",2323,"no","no","cellular",19,"nov",111,1,-1,0,"unknown","no"
38,"admin.","married","secondary","no",1852,"yes","no","cellular",15,"may",298,2,-1,0,"unknown","no"
39,"admin.","divorced","secondary","no",2903,"yes","yes","telephone",25,"jul",259,2,-1,0,"unknown","no"
30,"admin.","single","secondary","no",81,"yes","no","cellular",6,"aug",121,6,112,3,"other","no"
30,"admin.","married","secondary","no",11,"yes","no","cellular",11,"may",157,1,-1,0,"unknown","no"
39,"admin.","single","secondary","no",14,"yes","yes","unknown",13,"may",19,9,-1,0,"unknown","no"
38,"admin.","married","tertiary","no",1988,"no","no","cellular",27,"mar",164,2,130,2,"failure","yes"
50,"admin.","divorced","secondary","no",202,"no","yes","cellular",17,"nov",148,1,-1,0,"unknown","no"
48,"admin.","married","secondary","no",112,"no","no","cellular",18,"aug",139,5,-1,0,"unknown","no"
41,"admin.","married","secondary","no",5110,"yes","no","cellular",13,"apr",231,1,-1,0,"unknown","no"
32,"admin.","single","secondary","no",2817,"yes","no","cellular",21,"nov",195,1,-1,0,"unknown","no"
44,"admin.","married","secondary","no",205,"no","no","cellular",3,"nov",289,1,-1,0,"unknown","yes"
50,"admin.","married","secondary","no",0,"no","no","cellular",4,"aug",86,4,-1,0,"unknown","no"
47,"admin.","married","secondary","no",1934,"no","yes","cellular",14,"may",225,1,364,1,"failure","no"
37,"admin.","married","secondary","no",1193,"no","no","cellular",12,"may",396,2,-1,0,"unknown","no"
36,"admin.","single","secondary","no",0,"no","no","cellular",20,"apr",637,1,-1,0,"unknown","no"
33,"admin.","married","secondary","no",-6,"yes","no","unknown",7,"may",566,2,-1,0,"unknown","no"
60,"admin.","divorced","secondary","no",174,"yes","no","cellular",15,"may",241,1,364,1,"failure","no"
66,"admin.","single","secondary","no",10177,"no","no","cellular",5,"may",272,4,-1,0,"unknown","no"
33,"admin.","married","tertiary","no",640,"no","no","cellular",24,"jul",318,1,-1,0,"unknown","no"
27,"admin.","single","secondary","no",15,"no","yes","cellular",21,"jul",177,1,-1,0,"unknown","no"
32,"admin.","divorced","secondary","yes",5,"yes","yes","cellular",18,"may",82,3,363,2,"other","no"
33,"admin.","married","secondary","no",4902,"yes","no","cellular",20,"nov",110,1,-1,0,"unknown","no"
32,"admin.","single","secondary","no",116,"no","yes","cellular",16,"jul",255,2,-1,0,"unknown","no"
35,"admin.","married","primary","no",189,"yes","no","cellular",11,"may",95,1,-1,0,"unknown","no"
45,"admin.","single","secondary","no",0,"yes","no","cellular",8,"may",38,1,-1,0,"unknown","no"
44,"admin.","married","secondary","no",2403,"yes","no","cellular",28,"jan",180,2,-1,0,"unknown","no"
30,"admin.","married","secondary","no",0,"no","no","cellular",15,"jul",127,5,-1,0,"unknown","no"
30,"admin.","married","secondary","no",122,"yes","no","unknown",16,"may",107,1,-1,0,"unknown","no"
46,"admin.","divorced","secondary","no",2232,"no","no","cellular",13,"feb",121,1,-1,0,"unknown","yes"
27,"admin.","married","secondary","no",639,"no","yes","cellular",14,"jul",243,3,-1,0,"unknown","no"
48,"admin.","married","primary","no",607,"no","no","unknown",20,"jun",29,2,-1,0,"unknown","no"
34,"admin.","single","secondary","no",852,"no","no","cellular",14,"apr",108,2,-1,0,"unknown","no"
45,"admin.","married","secondary","no",204,"yes","no","cellular",3,"jun",224,2,-1,0,"unknown","yes"
27,"admin.","married","secondary","no",710,"yes","yes","cellular",6,"may",653,1,334,2,"success","yes"
34,"admin.","married","secondary","no",1499,"yes","no","cellular",13,"apr",186,1,327,2,"failure","no"
29,"admin.","single","secondary","no",1448,"no","no","cellular",10,"mar",217,1,184,7,"other","no"
29,"admin.","single","secondary","no",-194,"yes","no","cellular",7,"may",127,1,-1,0,"unknown","no"
27,"admin.","single","tertiary","no",73,"no","no","cellular",29,"jan",242,1,-1,0,"unknown","no"
46,"admin.","married","secondary","no",368,"no","no","cellular",20,"aug",293,1,90,4,"other","yes"
24,"admin.","married","secondary","no",299,"yes","no","cellular",6,"may",209,1,321,1,"failure","no"
42,"admin.","married","secondary","no",3165,"yes","no","unknown",16,"jun",298,4,-1,0,"unknown","no"
44,"admin.","single","secondary","no",2524,"no","no","unknown",19,"jun",82,1,-1,0,"unknown","no"
57,"admin.","divorced","unknown","no",4012,"no","no","cellular",20,"nov",915,1,-1,0,"unknown","no"
28,"admin.","married","secondary","no",-97,"yes","no","cellular",29,"jan",79,1,225,2,"success","no"
51,"admin.","divorced","secondary","no",467,"yes","no","unknown",19,"may",83,1,-1,0,"unknown","no"
34,"admin.","single","secondary","no",846,"yes","no","cellular",17,"apr",758,2,-1,0,"unknown","no"
45,"admin.","married","secondary","no",638,"yes","no","cellular",20,"aug",75,9,-1,0,"unknown","no"
30,"admin.","married","secondary","no",518,"yes","no","cellular",8,"may",127,1,-1,0,"unknown","no"
36,"admin.","married","secondary","no",-423,"yes","yes","unknown",13,"may",106,1,-1,0,"unknown","no"
33,"admin.","married","tertiary","no",69,"no","yes","cellular",4,"may",77,2,-1,0,"unknown","no"
44,"admin.","divorced","secondary","no",432,"no","no","cellular",9,"feb",132,3,-1,0,"unknown","no"
26,"admin.","single","secondary","no",443,"no","no","cellular",30,"jul",84,3,-1,0,"unknown","no"
49,"admin.","married","secondary","no",635,"no","no","cellular",25,"aug",220,3,-1,0,"unknown","no"
47,"admin.","divorced","secondary","no",225,"no","no","cellular",28,"aug",1126,4,-1,0,"unknown","yes"
30,"admin.","married","secondary","no",124,"no","no","telephone",16,"jun",161,2,-1,0,"unknown","no"
42,"admin.","divorced","secondary","no",936,"no","no","cellular",30,"jan",931,1,-1,0,"unknown","yes"
27,"admin.","single","secondary","no",3638,"no","no","cellular",11,"jul",271,5,-1,0,"unknown","no"
60,"admin.","married","secondary","no",1025,"no","no","cellular",6,"aug",388,8,-1,0,"unknown","no"
31,"admin.","divorced","secondary","no",1210,"no","no","cellular",16,"jul",350,1,-1,0,"unknown","no"
56,"admin.","married","secondary","no",0,"yes","no","telephone",19,"nov",154,2,-1,0,"unknown","no"
29,"admin.","single","secondary","no",3432,"yes","no","cellular",17,"apr",139,2,-1,0,"unknown","no"
31,"admin.","single","secondary","no",144,"yes","no","unknown",4,"jul",43,11,-1,0,"unknown","no"
47,"admin.","married","secondary","no",104,"yes","yes","cellular",14,"jul",77,2,-1,0,"unknown","no"
31,"admin.","single","secondary","no",1306,"yes","no","unknown",28,"may",217,5,-1,0,"unknown","no"
47,"admin.","divorced","secondary","no",162,"yes","no","unknown",9,"may",203,4,-1,0,"unknown","no"
40,"admin.","single","secondary","no",2378,"yes","no","unknown",2,"jun",65,1,-1,0,"unknown","no"
33,"admin.","married","secondary","no",353,"yes","no","cellular",19,"nov",107,2,-1,0,"unknown","no"
36,"admin.","divorced","secondary","no",356,"yes","no","cellular",7,"apr",244,3,313,1,"failure","no"
38,"admin.","married","tertiary","no",669,"yes","yes","cellular",31,"jul",129,2,-1,0,"unknown","no"
45,"admin.","single","secondary","no",-11,"yes","no","cellular",5,"may",247,1,-1,0,"unknown","no"
36,"admin.","single","secondary","no",1281,"no","no","telephone",24,"jul",119,2,-1,0,"unknown","no"
40,"admin.","married","secondary","no",168,"yes","no","cellular",7,"may",249,2,169,1,"failure","no"
34,"admin.","single","primary","no",0,"yes","yes","cellular",6,"may",172,4,-1,0,"unknown","no"
46,"admin.","single","secondary","no",751,"yes","no","unknown",13,"may",104,2,-1,0,"unknown","no"
43,"admin.","married","secondary","no",132,"no","no","cellular",19,"aug",574,1,84,3,"success","yes"
46,"admin.","married","secondary","no",70,"yes","no","cellular",27,"mar",229,2,-1,0,"unknown","yes"
38,"admin.","married","secondary","no",3732,"yes","no","unknown",21,"may",379,2,-1,0,"unknown","no"
35,"admin.","single","tertiary","no",62,"no","yes","cellular",30,"apr",67,1,-1,0,"unknown","no"
53,"admin.","single","secondary","no",2398,"yes","no","cellular",2,"aug",317,1,180,2,"failure","yes"
40,"admin.","single","secondary","no",100,"yes","no","cellular",11,"aug",221,1,461,1,"success","yes"
35,"admin.","married","tertiary","no",0,"yes","no","cellular",28,"jul",151,7,-1,0,"unknown","no"
49,"admin.","married","secondary","no",197,"yes","no","cellular",13,"apr",223,1,182,2,"failure","yes"
42,"admin.","single","secondary","no",243,"yes","no","unknown",14,"may",46,5,-1,0,"unknown","no"
26,"admin.","single","tertiary","no",3672,"yes","no","unknown",29,"may",360,5,-1,0,"unknown","no"
29,"admin.","single","secondary","no",1992,"no","no","cellular",8,"jul",202,1,87,2,"failure","no"
31,"admin.","married","secondary","no",0,"yes","no","unknown",14,"may",40,2,-1,0,"unknown","no"
39,"admin.","divorced","secondary","no",399,"yes","yes","cellular",14,"aug",133,2,-1,0,"unknown","no"
56,"admin.","divorced","secondary","yes",-435,"yes","yes","unknown",9,"may",185,2,-1,0,"unknown","no"
35,"admin.","single","secondary","no",2830,"no","no","unknown",20,"jun",22,12,-1,0,"unknown","no"
57,"admin.","married","secondary","no",808,"no","no","cellular",14,"jul",417,3,-1,0,"unknown","no"
44,"admin.","single","secondary","no",-101,"yes","no","cellular",10,"jul",99,1,-1,0,"unknown","no"
46,"admin.","married","secondary","no",4958,"yes","no","cellular",17,"nov",64,3,150,5,"other","no"
37,"admin.","single","secondary","no",781,"no","no","cellular",20,"aug",75,1,-1,0,"unknown","no"
32,"admin.","single","tertiary","no",-59,"no","yes","unknown",4,"jul",192,1,-1,0,"unknown","no"
32,"admin.","single","secondary","no",45,"yes","yes","cellular",14,"may",908,3,344,7,"other","no"
32,"admin.","married","secondary","no",923,"yes","no","cellular",17,"apr",819,4,-1,0,"unknown","no"
34,"admin.","married","secondary","no",247,"no","no","cellular",8,"oct",401,2,-1,0,"unknown","yes"
34,"admin.","married","tertiary","no",2552,"yes","yes","cellular",25,"sep",74,1,-1,0,"unknown","no"
33,"admin.","single","secondary","no",-300,"yes","yes","cellular",25,"jul",184,1,-1,0,"unknown","no"
40,"admin.","divorced","secondary","no",212,"no","no","unknown",7,"jan",176,1,-1,0,"unknown","no"
41,"admin.","divorced","secondary","no",6046,"yes","yes","telephone",15,"mar",300,6,182,2,"success","yes"
36,"admin.","single","tertiary","no",980,"no","no","cellular",11,"nov",118,4,104,7,"failure","no"
50,"admin.","divorced","secondary","no",1111,"yes","no","cellular",17,"apr",50,1,-1,0,"unknown","no"
56,"admin.","married","unknown","no",2038,"no","no","cellular",8,"feb",405,1,305,1,"success","no"
56,"admin.","divorced","secondary","no",985,"no","yes","cellular",18,"aug",150,2,-1,0,"unknown","no"
31,"admin.","single","secondary","no",-449,"yes","no","unknown",28,"may",81,2,-1,0,"unknown","no"
43,"admin.","married","secondary","no",0,"yes","no","cellular",17,"jul",674,3,-1,0,"unknown","no"
38,"admin.","single","secondary","no",-23,"no","no","cellular",20,"nov",48,2,-1,0,"unknown","no"
32,"admin.","single","tertiary","no",1583,"yes","no","cellular",19,"nov",100,1,182,1,"failure","no"
46,"admin.","married","secondary","no",-121,"yes","yes","cellular",8,"jul",214,4,-1,0,"unknown","no"
48,"admin.","married","secondary","no",8,"no","yes","cellular",7,"jul",46,1,-1,0,"unknown","no"
25,"admin.","married","secondary","no",894,"yes","no","unknown",28,"may",328,1,-1,0,"unknown","no"
31,"admin.","single","secondary","no",747,"yes","no","unknown",26,"may",543,2,-1,0,"unknown","yes"
53,"admin.","married","secondary","no",263,"no","yes","cellular",18,"jul",143,7,-1,0,"unknown","no"
42,"admin.","married","secondary","no",214,"yes","no","unknown",28,"may",21,24,-1,0,"unknown","no"
27,"admin.","single","secondary","no",-145,"yes","no","telephone",15,"may",289,8,-1,0,"unknown","no"
46,"admin.","married","secondary","no",22,"yes","no","cellular",7,"aug",414,4,-1,0,"unknown","no"
31,"admin.","married","secondary","no",2304,"yes","no","cellular",20,"nov",257,2,-1,0,"unknown","no"
41,"admin.","married","primary","no",-306,"yes","no","unknown",15,"may",500,1,-1,0,"unknown","yes"
26,"admin.","married","secondary","no",0,"no","no","unknown",27,"may",755,1,-1,0,"unknown","no"
40,"admin.","single","secondary","no",-1,"no","no","cellular",7,"jul",173,1,-1,0,"unknown","no"
46,"admin.","single","secondary","no",1693,"yes","no","cellular",25,"jan",137,1,97,1,"success","no"
26,"admin.","single","secondary","no",236,"yes","yes","cellular",18,"may",8,2,-1,0,"unknown","no"
39,"admin.","single","unknown","no",0,"yes","no","cellular",11,"may",62,1,-1,0,"unknown","no"
38,"admin.","married","secondary","no",46,"yes","yes","unknown",6,"may",195,1,-1,0,"unknown","no"
35,"admin.","divorced","secondary","no",148,"no","yes","cellular",8,"jul",199,1,-1,0,"unknown","no"
41,"admin.","divorced","secondary","no",3823,"no","no","cellular",26,"apr",234,10,-1,0,"unknown","no"
29,"admin.","single","secondary","no",1117,"yes","no","unknown",8,"may",77,2,-1,0,"unknown","no"
34,"admin.","married","secondary","no",1671,"no","no","unknown",21,"may",160,1,-1,0,"unknown","no"
34,"admin.","married","secondary","no",475,"yes","no","unknown",7,"may",559,1,-1,0,"unknown","no"
32,"admin.","divorced","secondary","yes",-18,"yes","no","unknown",12,"may",155,3,-1,0,"unknown","no"
34,"admin.","single","secondary","no",10,"no","yes","cellular",18,"nov",162,1,173,3,"failure","no"
28,"admin.","single","secondary","no",89,"yes","yes","cellular",6,"feb",172,2,-1,0,"unknown","no"
55,"admin.","married","secondary","no",0,"no","no","cellular",23,"sep",180,2,238,3,"success","no"
35,"admin.","single","secondary","no",0,"yes","no","cellular",13,"may",1073,1,-1,0,"unknown","yes"
42,"admin.","married","secondary","no",0,"no","no","unknown",19,"jun",370,1,-1,0,"unknown","no"
43,"admin.","married","unknown","no",3485,"no","no","unknown",18,"jun",113,1,-1,0,"unknown","no"
34,"admin.","married","secondary","no",50,"yes","no","unknown",20,"may",89,2,-1,0,"unknown","no"
53,"admin.","married","secondary","no",225,"yes","no","cellular",20,"apr",304,1,340,1,"failure","no"
38,"admin.","single","secondary","no",883,"yes","no","cellular",12,"may",95,1,327,9,"other","no"
41,"admin.","married","secondary","no",8238,"yes","yes","unknown",30,"may",124,4,-1,0,"unknown","no"
33,"admin.","single","tertiary","no",490,"yes","no","cellular",7,"may",31,1,363,2,"failure","no"
27,"admin.","married","secondary","no",132,"no","no","cellular",13,"oct",123,2,-1,0,"unknown","no"
39,"admin.","married","secondary","no",179,"no","no","unknown",6,"sep",36,1,-1,0,"unknown","no"
33,"admin.","divorced","secondary","no",661,"yes","no","cellular",18,"nov",411,1,173,2,"other","no"
35,"admin.","married","secondary","no",0,"yes","no","cellular",7,"may",121,2,-1,0,"unknown","no"
32,"admin.","single","secondary","no",1649,"no","no","cellular",27,"may",204,2,-1,0,"unknown","no"
35,"admin.","single","secondary","no",57,"no","yes","cellular",8,"jul",632,2,-1,0,"unknown","no"
37,"admin.","single","secondary","no",0,"yes","no","cellular",16,"apr",640,2,-1,0,"unknown","no"
36,"admin.","married","secondary","no",957,"yes","no","unknown",21,"may",206,1,-1,0,"unknown","no"
57,"admin.","married","secondary","no",3927,"no","no","cellular",13,"oct",61,1,-1,0,"unknown","no"
47,"admin.","married","secondary","no",310,"yes","yes","telephone",14,"aug",128,6,-1,0,"unknown","no"
28,"admin.","single","secondary","no",1323,"yes","no","unknown",3,"jun",361,1,-1,0,"unknown","no"
54,"admin.","married","secondary","no",865,"yes","no","cellular",17,"nov",71,1,-1,0,"unknown","no"
59,"admin.","divorced","secondary","no",975,"yes","no","unknown",15,"may",263,4,-1,0,"unknown","no"
50,"admin.","divorced","secondary","no",769,"no","no","cellular",28,"jul",72,2,363,4,"failure","no"
35,"admin.","divorced","secondary","no",3636,"no","yes","cellular",21,"nov",808,2,-1,0,"unknown","yes"
34,"admin.","married","secondary","no",96,"no","no","cellular",29,"aug",109,2,-1,0,"unknown","no"
47,"admin.","divorced","secondary","no",136,"no","yes","cellular",23,"jul",70,1,-1,0,"unknown","no"
32,"admin.","married","secondary","no",0,"no","no","cellular",30,"jan",119,3,-1,0,"unknown","no"
27,"admin.","married","secondary","yes",-517,"yes","no","cellular",14,"jul",172,3,-1,0,"unknown","no"
31,"admin.","married","secondary","no",212,"yes","no","cellular",18,"jul",191,3,-1,0,"unknown","no"
30,"admin.","single","secondary","no",105,"yes","no","cellular",21,"nov",75,1,-1,0,"unknown","no"
56,"admin.","divorced","primary","no",0,"no","yes","cellular",10,"jul",542,1,-1,0,"unknown","no"
34,"admin.","divorced","secondary","no",479,"yes","no","cellular",12,"may",515,1,350,5,"failure","yes"
35,"admin.","married","secondary","no",0,"yes","no","cellular",20,"apr",18,5,-1,0,"unknown","no"
46,"admin.","divorced","secondary","no",7378,"no","no","cellular",18,"nov",466,1,-1,0,"unknown","no"
55,"admin.","married","secondary","no",865,"yes","no","cellular",17,"apr",85,1,151,1,"failure","no"
25,"admin.","married","secondary","no",242,"yes","no","cellular",30,"jul",62,12,-1,0,"unknown","no"
48,"admin.","married","secondary","no",292,"yes","yes","cellular",29,"jul",164,6,-1,0,"unknown","no"
36,"admin.","married","secondary","no",725,"yes","no","cellular",27,"feb",123,3,99,8,"failure","no"
30,"admin.","single","secondary","no",1009,"yes","no","cellular",29,"jan",253,1,-1,0,"unknown","no"
37,"admin.","single","secondary","no",-296,"yes","no","cellular",20,"apr",81,1,-1,0,"unknown","no"
27,"admin.","single","tertiary","no",3672,"yes","no","cellular",15,"may",157,2,351,5,"failure","no"
56,"admin.","married","secondary","no",2146,"no","yes","unknown",9,"jun",594,1,-1,0,"unknown","no"
59,"admin.","married","secondary","no",92,"yes","no","cellular",12,"may",139,2,350,1,"failure","no"
49,"admin.","single","secondary","no",981,"yes","no","telephone",21,"nov",10,3,-1,0,"unknown","no"
48,"admin.","divorced","unknown","no",-70,"no","no","cellular",14,"may",243,1,-1,0,"unknown","no"
46,"admin.","married","secondary","no",0,"yes","yes","cellular",20,"apr",239,2,259,2,"failure","no"
52,"admin.","single","primary","no",0,"no","no","unknown",19,"may",182,11,-1,0,"unknown","no"
45,"admin.","divorced","secondary","no",0,"no","no","cellular",29,"oct",264,1,-1,0,"unknown","yes"
40,"admin.","married","secondary","no",0,"yes","yes","cellular",17,"nov",57,1,-1,0,"unknown","no"
60,"admin.","married","secondary","no",-396,"yes","no","cellular",11,"may",443,1,350,1,"failure","no"
57,"admin.","married","tertiary","no",46,"no","no","cellular",7,"aug",238,2,-1,0,"unknown","no"
45,"admin.","married","secondary","no",0,"no","no","cellular",19,"aug",145,10,-1,0,"unknown","no"
33,"admin.","single","tertiary","no",621,"no","no","cellular",8,"jul",217,1,-1,0,"unknown","no"
56,"admin.","married","secondary","no",1270,"yes","no","cellular",17,"nov",80,2,165,2,"other","no"
28,"admin.","single","secondary","no",775,"no","no","cellular",29,"jan",603,2,-1,0,"unknown","no"
60,"admin.","married","unknown","no",1088,"yes","no","cellular",26,"may",149,1,-1,0,"unknown","no"
41,"admin.","single","secondary","no",748,"no","no","telephone",21,"nov",94,7,130,3,"other","no"
26,"admin.","single","secondary","no",96,"yes","no","cellular",13,"may",612,2,348,3,"other","no"
30,"admin.","married","secondary","no",2678,"yes","no","cellular",18,"may",23,5,-1,0,"unknown","no"
38,"admin.","married","tertiary","no",1980,"no","no","cellular",5,"aug",176,2,-1,0,"unknown","no"
46,"admin.","married","secondary","no",120,"yes","no","unknown",14,"may",20,11,-1,0,"unknown","no"
36,"admin.","married","secondary","no",0,"yes","yes","cellular",9,"feb",101,2,-1,0,"unknown","no"
49,"admin.","married","primary","no",169,"yes","no","cellular",15,"may",82,3,-1,0,"unknown","no"
23,"admin.","single","secondary","no",5,"no","no","unknown",12,"may",413,1,-1,0,"unknown","no"
26,"admin.","divorced","secondary","yes",-3,"yes","no","unknown",13,"may",181,5,-1,0,"unknown","no"
33,"admin.","married","secondary","no",220,"yes","no","unknown",27,"may",345,1,-1,0,"unknown","no"
39,"admin.","married","secondary","no",406,"no","no","cellular",30,"jul",253,5,-1,0,"unknown","no"
32,"admin.","single","secondary","no",10218,"yes","no","cellular",19,"nov",149,2,-1,0,"unknown","no"
29,"admin.","single","tertiary","no",14,"no","no","cellular",29,"sep",87,1,120,1,"failure","no"
26,"admin.","married","tertiary","no",2855,"no","no","cellular",30,"mar",52,3,-1,0,"unknown","no"
39,"admin.","married","secondary","no",260,"yes","no","cellular",17,"apr",146,1,281,1,"failure","no"
36,"admin.","single","secondary","no",47,"no","yes","cellular",9,"jul",36,6,-1,0,"unknown","no"
45,"admin.","married","secondary","no",-388,"yes","no","cellular",14,"jul",175,2,-1,0,"unknown","no"
37,"admin.","married","secondary","no",1123,"no","yes","unknown",28,"may",138,1,-1,0,"unknown","no"
56,"admin.","married","secondary","no",45,"no","no","unknown",5,"may",1467,1,-1,0,"unknown","yes"
46,"admin.","married","secondary","no",556,"yes","yes","unknown",15,"may",646,3,-1,0,"unknown","yes"
41,"admin.","single","tertiary","no",982,"no","no","cellular",23,"jul",105,1,-1,0,"unknown","no"
45,"admin.","married","secondary","no",644,"no","yes","telephone",22,"jul",92,1,-1,0,"unknown","no"
37,"admin.","married","secondary","no",7,"yes","no","cellular",27,"may",224,7,105,1,"other","no"
60,"admin.","married","secondary","no",3735,"no","no","cellular",22,"dec",190,1,188,9,"success","yes"
34,"admin.","married","secondary","no",79,"yes","no","unknown",23,"may",83,1,-1,0,"unknown","no"
34,"admin.","married","secondary","no",2374,"yes","no","cellular",9,"nov",161,1,209,2,"failure","yes"
32,"admin.","single","secondary","no",92,"yes","no","cellular",18,"may",110,1,315,2,"failure","no"
52,"admin.","married","secondary","no",0,"no","no","cellular",22,"apr",91,2,275,1,"failure","no"
34,"admin.","married","secondary","no",61,"no","yes","unknown",5,"may",21,1,-1,0,"unknown","no"
33,"admin.","single","secondary","no",2557,"yes","no","cellular",18,"may",186,1,-1,0,"unknown","no"
36,"admin.","divorced","secondary","no",-37,"yes","no","unknown",27,"may",151,1,-1,0,"unknown","no"
38,"admin.","married","primary","no",0,"yes","no","unknown",2,"jun",29,32,-1,0,"unknown","no"
32,"admin.","single","secondary","no",678,"yes","no","cellular",4,"feb",1579,1,246,4,"failure","yes"
36,"admin.","single","secondary","no",1927,"yes","no","cellular",18,"nov",288,1,137,1,"other","no"
23,"admin.","single","secondary","no",589,"yes","no","cellular",6,"may",62,1,-1,0,"unknown","no"
58,"admin.","married","secondary","no",1142,"no","no","telephone",4,"feb",82,3,-1,0,"unknown","no"
35,"admin.","married","secondary","no",725,"yes","no","cellular",20,"nov",219,7,133,1,"failure","no"
48,"admin.","married","secondary","no",191,"yes","no","cellular",5,"feb",238,3,-1,0,"unknown","no"
59,"admin.","married","secondary","no",2381,"no","no","cellular",30,"apr",173,2,-1,0,"unknown","no"
38,"admin.","divorced","secondary","no",156,"yes","no","unknown",17,"jun",544,3,-1,0,"unknown","no"
28,"admin.","single","secondary","no",4745,"no","no","telephone",12,"may",360,1,181,5,"success","yes"
35,"admin.","married","secondary","no",786,"no","yes","cellular",25,"jul",322,1,-1,0,"unknown","no"
42,"admin.","married","secondary","no",529,"yes","yes","cellular",19,"nov",193,3,-1,0,"unknown","no"
38,"admin.","divorced","tertiary","no",86,"yes","no","unknown",6,"may",218,1,-1,0,"unknown","no"
49,"admin.","married","secondary","no",13229,"no","yes","telephone",8,"jul",77,2,-1,0,"unknown","no"
29,"admin.","married","secondary","no",22171,"yes","no","cellular",18,"may",44,1,355,3,"failure","no"
53,"admin.","divorced","secondary","no",0,"yes","yes","cellular",30,"apr",586,2,-1,0,"unknown","no"
39,"admin.","single","tertiary","no",2600,"yes","no","unknown",17,"jun",77,1,-1,0,"unknown","no"
40,"admin.","married","secondary","no",1327,"yes","yes","unknown",26,"may",76,2,-1,0,"unknown","no"
31,"admin.","single","secondary","no",1588,"yes","no","unknown",3,"jun",14,1,-1,0,"unknown","no"
45,"admin.","married","primary","no",542,"no","no","cellular",11,"may",8,5,350,3,"other","no"
45,"admin.","married","secondary","no",295,"yes","no","cellular",23,"jul",92,1,-1,0,"unknown","no"
57,"admin.","married","secondary","no",367,"no","no","telephone",16,"nov",107,2,-1,0,"unknown","no"
30,"admin.","single","secondary","no",127,"yes","no","cellular",18,"may",16,6,368,1,"other","no"
52,"admin.","married","secondary","no",693,"no","no","unknown",12,"jun",271,1,-1,0,"unknown","no"
33,"admin.","married","tertiary","no",79,"yes","no","cellular",22,"oct",249,2,335,2,"failure","yes"
60,"admin.","married","secondary","no",3043,"no","no","cellular",19,"aug",235,3,-1,0,"unknown","no"
33,"admin.","married","secondary","no",0,"yes","no","telephone",17,"jul",1448,7,-1,0,"unknown","yes"
53,"admin.","married","secondary","no",459,"no","no","cellular",5,"apr",558,1,-1,0,"unknown","yes"
55,"admin.","married","secondary","no",865,"yes","no","cellular",27,"oct",96,1,111,3,"failure","no"
31,"admin.","married","secondary","no",389,"yes","no","cellular",7,"dec",69,1,185,2,"failure","no"
49,"admin.","married","secondary","no",0,"yes","yes","cellular",29,"jul",71,7,-1,0,"unknown","no"
27,"admin.","married","secondary","no",897,"no","no","cellular",5,"jun",397,1,-1,0,"unknown","yes"
28,"admin.","single","tertiary","no",14,"no","no","cellular",1,"jun",201,1,-1,0,"unknown","no"
45,"admin.","married","unknown","no",2033,"no","no","cellular",30,"nov",123,1,186,4,"failure","no"
56,"admin.","divorced","unknown","no",789,"yes","no","cellular",8,"may",1022,1,360,2,"failure","no"
34,"admin.","married","secondary","no",645,"yes","no","unknown",19,"may",420,1,-1,0,"unknown","no"
35,"admin.","single","secondary","no",847,"yes","no","cellular",11,"may",85,2,-1,0,"unknown","no"
36,"admin.","married","secondary","no",465,"yes","no","unknown",20,"may",160,1,-1,0,"unknown","no"
36,"admin.","married","secondary","no",998,"yes","no","unknown",14,"may",1044,2,-1,0,"unknown","no"
55,"admin.","married","secondary","no",1102,"yes","no","unknown",15,"may",126,2,-1,0,"unknown","no"
24,"admin.","single","secondary","no",926,"yes","yes","cellular",15,"may",191,1,-1,0,"unknown","no"
45,"admin.","married","secondary","no",72,"yes","yes","cellular",15,"may",262,2,352,2,"failure","no"
60,"admin.","married","secondary","no",2552,"no","yes","cellular",30,"jan",255,2,2,4,"other","no"
34,"admin.","married","secondary","no",5320,"no","no","cellular",3,"mar",114,6,467,5,"other","no"
31,"admin.","married","secondary","no",0,"yes","yes","cellular",18,"nov",79,3,-1,0,"unknown","no"
31,"admin.","married","secondary","no",0,"yes","no","cellular",29,"jul",82,5,-1,0,"unknown","no"
59,"admin.","divorced","secondary","no",174,"yes","no","unknown",16,"may",204,1,-1,0,"unknown","no"
52,"admin.","married","secondary","no",199,"no","no","cellular",28,"jan",978,2,189,1,"other","no"
41,"admin.","divorced","secondary","no",1088,"yes","no","cellular",28,"jan",138,1,-1,0,"unknown","no"
36,"admin.","married","secondary","no",4280,"no","no","unknown",19,"jun",227,6,-1,0,"unknown","no"
42,"admin.","married","secondary","no",4209,"yes","no","unknown",5,"jun",57,6,-1,0,"unknown","no"
