"age","job","marital","education","default","balance","housing","loan","contact","day","month","duration","campaign","pdays","previous","poutcome","y"
35,"management","single","tertiary","no",1350,"yes","no","cellular",16,"apr",185,1,330,1,"failure","no"
30,"management","married","tertiary","no",1476,"yes","yes","unknown",3,"jun",199,4,-1,0,"unknown","no"
35,"management","single","tertiary","no",747,"no","no","cellular",23,"feb",141,2,176,3,"failure","no"
40,"management","married","tertiary","no",194,"no","yes","cellular",29,"aug",189,2,-1,0,"unknown","no"
42,"management","divorced","tertiary","no",16,"no","no","cellular",19,"nov",140,3,-1,0,"unknown","no"
41,"management","married","tertiary","no",5883,"no","no","cellular",20,"nov",182,2,-1,0,"unknown","no"
32,"management","single","tertiary","no",2536,"yes","no","cellular",26,"aug",958,6,-1,0,"unknown","yes"
38,"management","single","tertiary","no",11971,"yes","no","unknown",17,"nov",609,2,101,3,"failure","no"
36,"management","single","tertiary","no",553,"no","no","cellular",11,"aug",106,2,-1,0,"unknown","no"
34,"management","single","tertiary","no",872,"yes","no","unknown",7,"may",105,2,-1,0,"unknown","no"
48,"management","married","tertiary","no",5887,"no","no","cellular",13,"aug",227,2,-1,0,"unknown","no"
37,"management","married","tertiary","no",0,"no","no","cellular",16,"jul",268,2,182,3,"success","yes"
31,"management","single","tertiary","no",6248,"yes","no","unknown",9,"may",154,2,-1,0,"unknown","no"
54,"management","divorced","tertiary","no",3222,"no","no","cellular",14,"aug",67,2,-1,0,"unknown","no"
37,"management","married","tertiary","no",1315,"no","no","cellular",30,"jun",224,1,-1,0,"unknown","yes"
32,"management","single","tertiary","no",3616,"no","no","cellular",14,"aug",165,2,-1,0,"unknown","no"
38,"management","single","tertiary","no",493,"yes","no","cellular",11,"may",553,1,367,7,"failure","no"
32,"management","single","tertiary","no",574,"yes","no","cellular",14,"apr",259,2,145,3,"failure","no"
58,"management","married","tertiary","no",1517,"yes","no","telephone",29,"jul",7,5,-1,0,"unknown","no"
46,"management","divorced","tertiary","no",25,"no","no","unknown",17,"jun",564,2,-1,0,"unknown","no"
51,"management","single","tertiary","yes",-55,"yes","no","cellular",11,"may",281,2,266,6,"failure","no"
33,"management","single","tertiary","no",0,"no","no","cellular",28,"aug",236,10,-1,0,"unknown","no"
34,"management","single","tertiary","no",0,"no","no","cellular",5,"feb",71,1,-1,0,"unknown","no"
52,"management","married","tertiary","no",-970,"yes","no","cellular",4,"feb",489,1,-1,0,"unknown","yes"
32,"management","divorced","tertiary","no",948,"no","no","cellular",12,"aug",204,2,-1,0,"unknown","no"
32,"management","single","tertiary","no",0,"yes","no","cellular",22,"jul",455,2,-1,0,"unknown","no"
31,"management","single","tertiary","no",874,"yes","no","cellular",18,"nov",190,2,-1,0,"unknown","no"
35,"management","married","tertiary","no",106,"no","yes","cellular",11,"aug",588,2,-1,0,"unknown","no"
36,"management","single","tertiary","no",442,"yes","yes","cellular",29,"jul",102,3,-1,0,"unknown","no"
34,"blue-collar","married","tertiary","no",20,"no","no","unknown",4,"oct",10,1,-1,0,"unknown","no"
28,"management","single","tertiary","no",80,"no","no","cellular",20,"oct",676,2,146,2,"failure","yes"
37,"management","single","tertiary","no",37,"no","no","cellular",28,"jan",253,2,-1,0,"unknown","no"
42,"management","married","tertiary","no",9009,"no","no","cellular",20,"nov",135,2,-1,0,"unknown","no"
30,"management","single","tertiary","no",1372,"no","no","cellular",20,"nov",240,2,-1,0,"unknown","no"
39,"management","divorced","tertiary","no",1315,"yes","no","cellular",19,"nov",1337,4,126,1,"failure","no"
29,"blue-collar","single","tertiary","no",455,"no","no","telephone",21,"apr",403,1,-1,0,"unknown","yes"
31,"management","married","tertiary","yes",-253,"no","no","cellular",12,"aug",220,4,-1,0,"unknown","no"
42,"management","married","tertiary","no",372,"yes","no","cellular",3,"aug",654,2,-1,0,"unknown","yes"
44,"management","married","tertiary","no",3762,"no","no","cellular",28,"aug",125,12,-1,0,"unknown","no"
36,"management","married","tertiary","no",0,"yes","no","cellular",28,"jan",60,1,250,1,"other","no"
42,"management","married","tertiary","no",484,"yes","no","cellular",11,"jul",144,2,-1,0,"unknown","no"
31,"management","married","tertiary","no",395,"yes","no","cellular",9,"feb",155,3,-1,0,"unknown","no"
32,"management","married","tertiary","no",2349,"no","no","cellular",14,"aug",134,5,-1,0,"unknown","no"
34,"management","married","tertiary","no",415,"no","yes","cellular",23,"jul",361,2,-1,0,"unknown","no"
35,"blue-collar","single","tertiary","no",0,"yes","no","cellular",21,"jul",262,4,-1,0,"unknown","no"
41,"management","married","tertiary","no",49,"yes","no","cellular",17,"jul",312,5,-1,0,"unknown","no"
47,"management","married","tertiary","no",3681,"no","no","cellular",14,"aug",101,2,-1,0,"unknown","no"
29,"management","married","tertiary","no",451,"no","no","cellular",28,"jan",451,1,-1,0,"unknown","no"
35,"management","married","tertiary","no",4286,"yes","no","unknown",9,"may",357,1,-1,0,"unknown","no"
43,"management","married","tertiary","no",2,"no","yes","cellular",20,"aug",472,2,-1,0,"unknown","no"
38,"management","married","tertiary","no",1199,"no","no","cellular",4,"aug",178,1,1,1,"success","yes"
30,"management","single","tertiary","no",424,"no","no","cellular",16,"apr",298,4,-1,0,"unknown","yes"
47,"management","divorced","tertiary","no",447,"no","yes","unknown",7,"may",126,1,-1,0,"unknown","no"
33,"management","single","tertiary","no",1410,"yes","no","cellular",5,"feb",8,1,254,5,"failure","no"
41,"management","married","tertiary","no",832,"yes","yes","cellular",21,"nov",164,1,176,1,"failure","no"
60,"management","single","tertiary","no",0,"no","yes","cellular",23,"jul",151,1,-1,0,"unknown","no"
57,"management","married","tertiary","no",1602,"no","no","cellular",29,"jul",339,3,-1,0,"unknown","no"
35,"management","married","tertiary","yes",32,"yes","no","cellular",21,"nov",180,1,-1,0,"unknown","no"
39,"management","married","tertiary","no",278,"no","yes","cellular",28,"jul",60,3,-1,0,"unknown","no"
50,"management","married","tertiary","no",4,"no","no","cellular",17,"nov",223,1,96,2,"failure","no"
29,"management","married","tertiary","no",318,"yes","no","cellular",18,"may",1434,2,356,4,"failure","no"
36,"management","single","tertiary","no",339,"no","no","cellular",21,"nov",6,6,-1,0,"unknown","no"
45,"management","married","tertiary","no",5450,"no","no","cellular",8,"aug",188,2,-1,0,"unknown","no"
32,"management","single","tertiary","no",8436,"yes","no","cellular",17,"apr",245,1,149,2,"failure","no"
37,"management","married","tertiary","no",393,"yes","no","cellular",14,"may",567,3,275,4,"failure","yes"
48,"management","married","tertiary","no",6613,"no","no","unknown",17,"jun",159,3,-1,0,"unknown","no"
33,"management","single","tertiary","no",1240,"yes","no","cellular",4,"feb",505,2,260,1,"other","no"
49,"management","married","tertiary","no",322,"no","no","cellular",6,"aug",72,4,-1,0,"unknown","no"
42,"management","married","tertiary","no",0,"no","no","cellular",13,"aug",325,2,-1,0,"unknown","no"
49,"management","divorced","tertiary","no",755,"no","no","cellular",31,"jul",1212,4,-1,0,"unknown","yes"
37,"management","married","tertiary","no",502,"yes","no","cellular",7,"may",551,1,351,1,"failure","no"
37,"management","single","tertiary","no",876,"yes","no","cellular",15,"apr",140,4,327,2,"failure","no"
40,"management","married","tertiary","no",542,"yes","no","cellular",20,"nov",1816,1,-1,0,"unknown","no"
29,"management","married","tertiary","no",20,"yes","no","cellular",12,"may",418,1,-1,0,"unknown","no"
56,"management","married","tertiary","no",217,"no","yes","cellular",21,"jul",121,2,-1,0,"unknown","no"
44,"management","married","tertiary","no",22,"yes","no","cellular",6,"aug",265,2,-1,0,"unknown","no"
30,"management","married","tertiary","no",1221,"yes","no","telephone",25,"jul",279,4,-1,0,"unknown","yes"
44,"management","married","tertiary","no",795,"no","no","cellular",28,"aug",99,24,-1,0,"unknown","no"
43,"management","divorced","tertiary","no",36,"no","no","cellular",26,"may",118,1,102,2,"failure","no"
45,"management","divorced","tertiary","no",0,"no","no","unknown",1,"jun",5,1,-1,0,"unknown","no"
39,"management","married","tertiary","no",-606,"yes","no","unknown",26,"may",142,1,-1,0,"unknown","no"
40,"management","married","tertiary","no",8969,"yes","no","cellular",17,"nov",153,1,-1,0,"unknown","no"
41,"management","married","tertiary","no",666,"yes","no","unknown",21,"may",253,3,-1,0,"unknown","no"
40,"management","married","tertiary","no",0,"no","no","cellular",14,"jul",109,8,-1,0,"unknown","no"
54,"management","married","tertiary","no",55,"yes","no","cellular",2,"jun",112,2,-1,0,"unknown","no"
33,"management","married","tertiary","no",641,"yes","no","cellular",13,"aug",347,2,-1,0,"unknown","no"
48,"management","divorced","tertiary","no",1328,"yes","no","unknown",6,"may",339,1,-1,0,"unknown","no"
42,"management","single","tertiary","no",515,"yes","no","cellular",19,"nov",501,2,-1,0,"unknown","no"
32,"management","single","tertiary","no",12607,"no","no","cellular",14,"aug",203,5,84,1,"failure","no"
31,"management","married","tertiary","no",13,"no","no","cellular",28,"aug",110,5,-1,0,"unknown","no"
41,"management","married","tertiary","no",3872,"no","no","cellular",15,"oct",231,1,-1,0,"unknown","no"
32,"management","married","tertiary","no",820,"yes","no","cellular",17,"jul",738,3,-1,0,"unknown","no"
48,"management","divorced","tertiary","no",108,"yes","no","unknown",27,"may",89,2,-1,0,"unknown","no"
36,"management","married","tertiary","no",-381,"yes","no","cellular",31,"jul",30,29,-1,0,"unknown","no"
34,"management","married","tertiary","no",902,"yes","no","cellular",14,"may",159,1,367,2,"other","no"
40,"management","married","tertiary","no",1584,"yes","no","telephone",21,"nov",661,1,-1,0,"unknown","no"
45,"management","married","tertiary","no",1529,"no","no","cellular",30,"jun",160,1,-1,0,"unknown","no"
54,"management","married","tertiary","no",0,"no","no","cellular",16,"jul",118,5,-1,0,"unknown","no"
39,"management","single","tertiary","no",12437,"no","no","telephone",18,"nov",40,1,-1,0,"unknown","no"
43,"management","single","tertiary","no",1304,"no","no","cellular",6,"aug",501,2,-1,0,"unknown","yes"
36,"management","divorced","tertiary","no",3611,"yes","no","unknown",4,"jun",347,3,-1,0,"unknown","no"
53,"management","married","tertiary","no",1319,"yes","no","cellular",16,"apr",427,1,150,1,"failure","no"
38,"management","married","tertiary","no",-558,"yes","no","cellular",21,"jul",533,1,-1,0,"unknown","no"
29,"management","married","tertiary","no",361,"yes","yes","cellular",28,"jul",819,3,-1,0,"unknown","no"
33,"management","single","tertiary","no",-53,"no","no","cellular",29,"jan",617,2,-1,0,"unknown","no"
43,"management","divorced","tertiary","no",38,"yes","no","cellular",25,"jul",197,6,-1,0,"unknown","no"
28,"management","single","tertiary","no",231,"yes","yes","cellular",25,"jul",568,2,-1,0,"unknown","no"
40,"management","single","tertiary","no",1509,"no","no","cellular",12,"may",333,1,58,3,"failure","no"
33,"management","single","tertiary","no",9449,"yes","no","cellular",8,"may",428,1,-1,0,"unknown","no"
59,"management","married","tertiary","no",2764,"no","no","cellular",24,"dec",237,1,206,2,"failure","no"
30,"management","single","tertiary","no",2,"yes","yes","cellular",25,"jul",1031,8,-1,0,"unknown","yes"
33,"management","divorced","tertiary","yes",280,"no","yes","cellular",18,"nov",155,1,-1,0,"unknown","no"
27,"management","single","tertiary","no",703,"yes","no","unknown",5,"jun",590,3,-1,0,"unknown","yes"
39,"management","married","tertiary","no",2763,"yes","no","unknown",2,"jun",526,2,-1,0,"unknown","yes"
46,"management","divorced","tertiary","no",6269,"yes","no","telephone",18,"nov",249,3,112,2,"failure","no"
40,"management","married","tertiary","no",-117,"yes","no","cellular",17,"jul",770,2,-1,0,"unknown","no"
28,"management","single","tertiary","no",0,"yes","no","cellular",16,"jul",767,5,-1,0,"unknown","yes"
32,"management","married","tertiary","no",0,"no","no","cellular",19,"nov",66,1,-1,0,"unknown","no"
33,"management","married","tertiary","no",1808,"yes","no","unknown",4,"jun",99,4,-1,0,"unknown","no"
58,"management","single","tertiary","no",2,"yes","no","telephone",11,"may",168,3,-1,0,"unknown","no"
47,"management","married","tertiary","no",7708,"yes","no","cellular",21,"nov",157,5,-1,0,"unknown","no"
49,"management","married","tertiary","no",1430,"no","no","cellular",18,"nov",231,2,-1,0,"unknown","no"
32,"management","divorced","tertiary","no",874,"no","no","cellular",12,"aug",1282,6,-1,0,"unknown","yes"
56,"management","single","tertiary","no",15311,"no","no","cellular",29,"apr",157,6,-1,0,"unknown","no"
40,"management","married","tertiary","no",10786,"no","no","unknown",20,"jun",111,3,-1,0,"unknown","no"
32,"management","married","tertiary","no",55,"no","no","cellular",2,"feb",124,3,-1,0,"unknown","no"
31,"management","married","tertiary","no",1010,"yes","no","cellular",15,"may",385,3,364,9,"other","no"
37,"management","single","tertiary","no",509,"yes","no","cellular",6,"may",133,1,-1,0,"unknown","no"
47,"management","single","tertiary","no",153,"yes","no","cellular",18,"nov",192,2,-1,0,"unknown","no"
50,"management","married","tertiary","no",3463,"no","yes","cellular",28,"oct",96,1,-1,0,"unknown","yes"
57,"management","married","tertiary","no",3250,"no","no","cellular",20,"aug",162,3,-1,0,"unknown","no"
33,"management","married","tertiary","no",4020,"yes","yes","cellular",15,"apr",251,1,-1,0,"unknown","no"
48,"management","married","tertiary","no",1167,"yes","yes","cellular",1,"jun",264,1,-1,0,"unknown","yes"
32,"management","single","tertiary","no",1831,"yes","no","cellular",20,"apr",86,2,-1,0,"unknown","no"
52,"management","married","tertiary","no",1944,"yes","no","cellular",15,"apr",238,3,323,2,"failure","no"
26,"management","single","tertiary","no",350,"no","no","cellular",8,"jul",367,1,-1,0,"unknown","no"
37,"management","divorced","tertiary","no",168,"yes","no","unknown",5,"jun",227,1,-1,0,"unknown","no"
37,"management","married","tertiary","no",865,"yes","no","cellular",3,"jun",101,1,-1,0,"unknown","no"
51,"management","divorced","tertiary","no",0,"no","no","cellular",13,"aug",60,2,-1,0,"unknown","no"
34,"management","single","tertiary","no",4348,"yes","no","cellular",28,"aug",373,8,-1,0,"unknown","no"
41,"management","married","tertiary","no",3016,"yes","no","cellular",14,"jul",80,3,-1,0,"unknown","no"
49,"management","divorced","tertiary","no",1405,"no","no","unknown",8,"jun",29,1,-1,0,"unknown","no"
30,"management","single","tertiary","no",162,"yes","no","unknown",20,"may",186,4,-1,0,"unknown","no"
50,"management","married","tertiary","no",2881,"no","no","cellular",5,"aug",510,2,2,5,"other","no"
40,"management","married","tertiary","no",-1212,"yes","no","cellular",15,"may",1259,2,333,18,"failure","no"
34,"management","married","tertiary","no",703,"yes","no","cellular",14,"apr",342,1,-1,0,"unknown","yes"
31,"management","single","tertiary","no",112,"yes","no","cellular",2,"feb",159,2,271,1,"failure","no"
43,"management","married","tertiary","no",1429,"yes","no","cellular",19,"nov",1015,1,198,2,"other","yes"
35,"management","single","tertiary","no",714,"yes","no","cellular",26,"aug",135,22,-1,0,"unknown","no"
42,"management","single","tertiary","no",0,"no","no","cellular",7,"sep",99,1,-1,0,"unknown","no"
33,"management","married","tertiary","no",148,"no","no","unknown",20,"may",717,1,-1,0,"unknown","no"
46,"management","divorced","tertiary","no",624,"no","no","cellular",17,"sep",336,2,183,2,"success","yes"
48,"management","married","tertiary","no",866,"no","no","cellular",29,"jan",146,2,-1,0,"unknown","no"
38,"management","single","tertiary","no",15030,"yes","no","cellular",13,"may",167,1,174,7,"other","no"
30,"management","single","tertiary","no",19358,"no","no","cellular",19,"nov",258,2,-1,0,"unknown","no"
36,"management","married","tertiary","no",9269,"yes","yes","cellular",19,"nov",107,2,-1,0,"unknown","no"
28,"management","single","tertiary","no",882,"no","yes","cellular",29,"jan",94,1,205,2,"failure","no"
45,"management","married","tertiary","no",-459,"no","no","cellular",21,"aug",508,6,-1,0,"unknown","no"
40,"management","married","tertiary","no",60,"no","no","unknown",16,"jun",172,6,-1,0,"unknown","no"
41,"management","married","tertiary","no",-29,"no","no","cellular",29,"jan",41,2,266,2,"failure","no"
34,"management","married","tertiary","no",136,"yes","no","cellular",22,"apr",156,1,-1,0,"unknown","no"
39,"management","divorced","tertiary","no",3575,"no","yes","cellular",18,"aug",74,3,-1,0,"unknown","no"
31,"management","married","tertiary","no",8312,"no","no","cellular",29,"aug",43,13,-1,0,"unknown","no"
34,"management","married","tertiary","no",0,"yes","no","cellular",7,"aug",262,1,99,2,"success","yes"
36,"management","married","tertiary","no",222,"yes","no","cellular",6,"may",317,1,169,2,"failure","no"
52,"management","married","tertiary","no",3163,"no","no","cellular",25,"aug",56,6,-1,0,"unknown","no"
55,"management","married","tertiary","no",979,"no","yes","cellular",8,"jul",123,1,-1,0,"unknown","no"
34,"management","single","tertiary","no",84,"no","no","cellular",5,"feb",231,1,-1,0,"unknown","no"
39,"management","single","tertiary","no",816,"yes","no","cellular",27,"aug",37,3,-1,0,"unknown","no"
33,"management","single","tertiary","no",3143,"no","no","cellular",29,"jun",421,2,-1,0,"unknown","yes"
33,"management","single","tertiary","no",1909,"no","no","cellular",8,"aug",191,2,-1,0,"unknown","no"
43,"management","divorced","tertiary","no",388,"yes","no","unknown",8,"may",2087,2,-1,0,"unknown","yes"
56,"management","divorced","tertiary","no",1016,"yes","no","unknown",9,"jun",184,5,-1,0,"unknown","no"
42,"management","single","tertiary","no",525,"no","no","cellular",13,"aug",127,2,-1,0,"unknown","no"
46,"management","married","tertiary","no",964,"yes","no","cellular",8,"apr",174,1,-1,0,"unknown","no"
34,"management","single","tertiary","no",673,"yes","yes","cellular",20,"nov",271,1,184,1,"failure","no"
41,"management","married","tertiary","no",10758,"yes","no","cellular",1,"jun",288,1,-1,0,"unknown","no"
40,"management","married","tertiary","no",5,"yes","no","cellular",18,"nov",219,3,-1,0,"unknown","no"
36,"management","married","tertiary","no",605,"yes","no","unknown",26,"may",204,1,-1,0,"unknown","no"
53,"management","married","tertiary","no",4,"no","no","unknown",20,"jun",19,6,-1,0,"unknown","no"
34,"management","married","tertiary","no",8,"no","no","cellular",25,"aug",169,4,-1,0,"unknown","no"
38,"management","married","tertiary","no",-70,"yes","no","cellular",30,"jan",140,1,2,3,"other","no"
43,"management","married","tertiary","no",2767,"yes","no","unknown",15,"may",317,7,-1,0,"unknown","no"
41,"management","married","tertiary","no",176,"yes","yes","unknown",5,"may",42,1,-1,0,"unknown","no"
58,"management","married","tertiary","no",299,"no","no","cellular",16,"jul",120,4,-1,0,"unknown","no"
36,"management","single","tertiary","no",3343,"no","no","cellular",18,"nov",307,1,-1,0,"unknown","no"
23,"management","single","tertiary","no",736,"yes","no","cellular",30,"apr",119,1,-1,0,"unknown","no"
32,"management","married","tertiary","no",1390,"no","no","cellular",7,"aug",116,2,-1,0,"unknown","no"
48,"management","married","tertiary","no",1147,"no","no","cellular",5,"aug",389,1,64,2,"success","yes"
30,"management","single","tertiary","no",726,"yes","no","cellular",16,"apr",39,1,342,3,"failure","no"
39,"management","single","tertiary","no",416,"no","no","cellular",23,"oct",56,4,-1,0,"unknown","no"
30,"management","single","tertiary","no",-218,"yes","no","cellular",27,"aug",13,15,-1,0,"unknown","no"
45,"management","divorced","tertiary","no",2096,"no","no","cellular",21,"nov",127,1,100,2,"failure","no"
59,"management","married","tertiary","no",1831,"no","no","cellular",17,"feb",122,1,92,1,"failure","no"
28,"management","married","tertiary","no",1480,"yes","no","cellular",18,"may",143,1,-1,0,"unknown","no"
48,"management","married","tertiary","no",7289,"yes","no","cellular",2,"feb",316,3,-1,0,"unknown","no"
41,"management","married","tertiary","no",2885,"no","no","cellular",19,"nov",40,1,-1,0,"unknown","no"
43,"management","single","tertiary","no",146,"no","no","cellular",21,"nov",50,1,113,5,"other","no"
28,"management","married","tertiary","no",318,"yes","no","unknown",27,"may",4,4,-1,0,"unknown","no"
28,"management","single","tertiary","no",4937,"yes","no","telephone",13,"may",421,3,-1,0,"unknown","no"
36,"management","single","tertiary","no",243,"yes","no","cellular",7,"may",160,2,360,3,"failure","no"
29,"management","married","tertiary","no",877,"no","no","cellular",3,"feb",166,3,-1,0,"unknown","no"
41,"management","divorced","tertiary","no",4567,"yes","yes","cellular",16,"jul",106,1,-1,0,"unknown","no"
36,"management","single","tertiary","no",3875,"yes","no","unknown",27,"may",21,5,-1,0,"unknown","no"
60,"management","divorced","tertiary","no",366,"no","no","cellular",3,"jun",593,1,-1,0,"unknown","yes"
48,"management","married","tertiary","no",998,"yes","no","cellular",29,"jan",121,3,-1,0,"unknown","no"
39,"management","married","tertiary","no",246,"no","no","cellular",11,"aug",86,2,-1,0,"unknown","no"
27,"management","single","tertiary","no",446,"no","no","cellular",23,"jun",205,3,-1,0,"unknown","no"
41,"management","divorced","tertiary","no",369,"yes","no","telephone",22,"aug",9,3,-1,0,"unknown","no"
38,"management","single","tertiary","no",1373,"no","no","cellular",22,"oct",119,4,-1,0,"unknown","no"
31,"management","single","tertiary","no",62,"yes","no","cellular",18,"may",175,1,293,5,"failure","no"
33,"management","married","tertiary","no",273,"yes","no","unknown",16,"may",803,1,-1,0,"unknown","yes"
58,"management","married","tertiary","no",2729,"no","no","unknown",18,"jun",188,1,-1,0,"unknown","no"
35,"management","married","tertiary","no",317,"yes","no","unknown",23,"may",162,3,-1,0,"unknown","no"
50,"management","married","tertiary","no",-470,"yes","no","cellular",8,"may",506,2,170,3,"failure","no"
37,"management","married","tertiary","no",5106,"no","no","cellular",30,"apr",244,1,-1,0,"unknown","yes"
38,"management","married","tertiary","no",126,"yes","no","unknown",21,"may",164,2,-1,0,"unknown","no"
64,"management","married","tertiary","no",679,"no","no","telephone",22,"apr",135,3,-1,0,"unknown","no"
35,"management","single","tertiary","no",2988,"yes","no","cellular",25,"may",179,1,-1,0,"unknown","no"
61,"management","married","tertiary","no",6016,"no","no","cellular",2,"feb",670,3,-1,0,"unknown","yes"
28,"management","married","tertiary","no",3694,"no","yes","cellular",8,"jul",70,2,-1,0,"unknown","no"
36,"management","single","tertiary","no",490,"no","no","cellular",28,"aug",207,8,98,1,"failure","yes"
29,"management","single","tertiary","no",15459,"no","no","cellular",26,"may",245,3,97,7,"success","no"
49,"management","divorced","tertiary","no",2370,"yes","yes","unknown",17,"nov",56,1,103,2,"other","no"
35,"management","married","tertiary","no",8,"yes","no","unknown",23,"may",55,4,-1,0,"unknown","no"
47,"management","married","tertiary","no",109,"yes","no","cellular",22,"jul",268,1,-1,0,"unknown","no"
52,"management","married","tertiary","no",-11,"yes","no","cellular",11,"may",94,4,-1,0,"unknown","no"
41,"management","divorced","tertiary","no",5037,"no","no","cellular",23,"apr",252,9,185,5,"other","yes"
32,"management","married","tertiary","no",913,"yes","no","cellular",23,"jun",883,1,674,4,"failure","no"
32,"management","single","tertiary","no",1218,"yes","no","telephone",28,"jan",70,2,-1,0,"unknown","no"
31,"management","married","tertiary","no",2603,"yes","no","cellular",11,"feb",280,4,-1,0,"unknown","yes"
46,"management","divorced","tertiary","no",743,"no","no","unknown",5,"jun",36,2,-1,0,"unknown","no"
24,"management","single","tertiary","no",172,"no","no","cellular",3,"jul",67,2,-1,0,"unknown","no"
32,"management","single","tertiary","no",41,"no","no","cellular",21,"aug",686,5,-1,0,"unknown","yes"
30,"management","single","tertiary","no",329,"yes","no","unknown",6,"jun",122,16,-1,0,"unknown","no"
32,"management","single","tertiary","no",151,"yes","no","unknown",6,"may",118,1,-1,0,"unknown","no"
49,"blue-collar","married","tertiary","no",1784,"no","no","unknown",12,"jun",753,1,-1,0,"unknown","no"
30,"management","married","tertiary","no",3134,"yes","no","cellular",17,"jul",124,1,-1,0,"unknown","no"
48,"management","married","tertiary","no",60,"no","no","telephone",7,"may",376,2,339,7,"failure","no"
28,"management","single","tertiary","no",1027,"yes","no","cellular",14,"may",433,1,-1,0,"unknown","no"
26,"management","single","tertiary","no",205,"no","no","unknown",26,"may",111,1,-1,0,"unknown","no"
32,"management","single","tertiary","no",311,"no","no","unknown",12,"may",757,2,-1,0,"unknown","yes"
40,"management","single","tertiary","no",1509,"no","no","cellular",15,"mar",144,2,124,1,"failure","no"
40,"management","divorced","tertiary","no",69,"yes","no","cellular",6,"may",503,2,280,2,"failure","no"
36,"management","married","tertiary","no",61,"no","yes","cellular",19,"aug",452,2,-1,0,"unknown","no"
43,"management","divorced","tertiary","no",99,"no","no","cellular",29,"jan",24,3,-1,0,"unknown","no"
30,"management","single","tertiary","no",604,"no","yes","cellular",2,"feb",475,1,-1,0,"unknown","no"
34,"management","married","tertiary","no",1906,"yes","no","cellular",14,"jul",68,3,-1,0,"unknown","no"
36,"management","married","tertiary","no",-296,"yes","no","cellular",14,"may",113,3,-1,0,"unknown","no"
28,"management","single","tertiary","no",1466,"yes","no","cellular",25,"jul",40,1,-1,0,"unknown","no"
34,"management","married","tertiary","no",4170,"yes","no","unknown",21,"may",935,1,-1,0,"unknown","no"
25,"management","single","tertiary","no",553,"yes","no","cellular",17,"sep",113,4,479,1,"failure","no"
50,"management","married","tertiary","no",85,"no","yes","cellular",1,"jun",141,1,-1,0,"unknown","no"
48,"management","divorced","tertiary","no",507,"yes","no","cellular",9,"apr",528,1,-1,0,"unknown","no"
50,"management","married","tertiary","no",0,"no","no","cellular",9,"jul",243,5,-1,0,"unknown","no"
34,"management","single","tertiary","no",1171,"yes","no","cellular",10,"jul",129,1,-1,0,"unknown","no"
36,"management","married","tertiary","no",495,"no","no","cellular",5,"aug",157,3,97,2,"success","yes"
31,"management","married","tertiary","no",1224,"yes","yes","cellular",24,"jul",1441,2,-1,0,"unknown","yes"
33,"management","married","tertiary","no",3696,"no","no","cellular",19,"nov",305,1,182,3,"failure","no"
36,"management","married","tertiary","no",2987,"yes","no","cellular",12,"aug",307,1,-1,0,"unknown","yes"
38,"management","married","tertiary","no",0,"yes","no","cellular",13,"may",537,5,303,2,"failure","no"
57,"management","married","tertiary","no",1172,"no","no","unknown",18,"jun",26,1,-1,0,"unknown","no"
46,"management","married","tertiary","no",1008,"no","no","cellular",29,"aug",24,13,-1,0,"unknown","no"
50,"management","married","tertiary","no",-94,"no","yes","unknown",25,"jun",75,1,-1,0,"unknown","no"
40,"management","married","tertiary","no",-7,"no","yes","telephone",25,"jul",697,1,-1,0,"unknown","no"
35,"management","married","tertiary","no",93,"no","no","cellular",4,"may",198,2,88,1,"other","no"
54,"management","divorced","tertiary","no",2171,"yes","yes","telephone",18,"nov",1034,1,-1,0,"unknown","yes"
43,"management","married","tertiary","no",690,"yes","no","cellular",6,"aug",171,3,-1,0,"unknown","no"
35,"management","married","tertiary","no",1100,"no","yes","cellular",29,"jan",127,2,-1,0,"unknown","no"
33,"management","single","tertiary","no",1998,"no","no","cellular",19,"nov",570,1,-1,0,"unknown","no"
52,"management","married","tertiary","no",1339,"yes","no","cellular",22,"aug",343,5,-1,0,"unknown","no"
51,"management","married","tertiary","no",2934,"yes","no","cellular",18,"nov",727,4,-1,0,"unknown","no"
34,"management","married","tertiary","no",176,"no","no","cellular",18,"aug",61,4,-1,0,"unknown","no"
40,"management","married","tertiary","no",1041,"yes","no","unknown",12,"jun",73,1,-1,0,"unknown","no"
37,"management","married","tertiary","no",539,"no","no","cellular",18,"jan",540,2,115,3,"failure","no"
42,"management","single","tertiary","no",100,"no","no","cellular",7,"aug",64,2,-1,0,"unknown","no"
37,"management","single","tertiary","no",815,"yes","no","cellular",7,"may",77,1,-1,0,"unknown","no"
49,"management","single","tertiary","no",151,"yes","no","cellular",8,"jul",97,3,-1,0,"unknown","yes"
47,"management","divorced","tertiary","no",1149,"no","yes","cellular",15,"jul",82,2,-1,0,"unknown","no"
46,"management","divorced","tertiary","no",1297,"no","no","cellular",11,"aug",716,3,-1,0,"unknown","yes"
29,"management","divorced","tertiary","no",415,"yes","yes","unknown",28,"may",449,4,-1,0,"unknown","no"
34,"management","married","tertiary","no",417,"yes","no","cellular",18,"nov",138,1,-1,0,"unknown","no"
43,"management","married","tertiary","no",1188,"no","no","cellular",27,"may",140,2,-1,0,"unknown","no"
32,"management","divorced","tertiary","no",1,"yes","no","unknown",8,"may",399,4,-1,0,"unknown","no"
39,"management","married","tertiary","no",12,"yes","no","unknown",23,"may",130,1,-1,0,"unknown","no"
33,"management","divorced","tertiary","no",0,"no","no","cellular",13,"aug",305,2,-1,0,"unknown","no"
30,"management","married","tertiary","no",0,"yes","no","cellular",9,"jul",127,1,-1,0,"unknown","no"
32,"management","married","tertiary","no",71,"yes","no","cellular",21,"jul",221,8,-1,0,"unknown","no"
32,"management","married","tertiary","no",4761,"yes","no","cellular",5,"may",159,2,350,2,"failure","no"
66,"management","married","tertiary","no",1048,"yes","no","cellular",23,"jun",971,2,-1,0,"unknown","no"
28,"management","single","tertiary","no",3238,"yes","no","unknown",19,"may",7,1,-1,0,"unknown","no"
42,"management","divorced","tertiary","no",0,"no","no","unknown",20,"jun",85,2,-1,0,"unknown","no"
36,"management","single","tertiary","no",260,"yes","no","cellular",7,"may",49,1,-1,0,"unknown","no"
31,"management","single","tertiary","no",3283,"no","no","cellular",2,"feb",258,1,73,1,"failure","yes"
54,"management","married","tertiary","no",2960,"yes","no","cellular",20,"nov",83,1,-1,0,"unknown","no"
35,"management","single","tertiary","no",5958,"yes","no","cellular",22,"mar",215,1,-1,0,"unknown","yes"
38,"management","married","tertiary","no",76,"yes","no","cellular",7,"jul",196,3,-1,0,"unknown","no"
51,"management","married","tertiary","no",630,"yes","no","cellular",5,"may",138,1,-1,0,"unknown","no"
56,"management","married","tertiary","no",3172,"yes","no","cellular",5,"feb",139,1,-1,0,"unknown","no"
44,"management","divorced","tertiary","no",2058,"no","yes","cellular",21,"nov",661,1,-1,0,"unknown","no"
41,"management","married","tertiary","no",51,"no","no","cellular",25,"aug",140,8,-1,0,"unknown","no"
51,"management","single","tertiary","no",2139,"no","no","cellular",17,"nov",176,2,-1,0,"unknown","no"
38,"management","married","tertiary","no",-469,"yes","no","unknown",16,"jun",209,12,-1,0,"unknown","no"
29,"management","single","tertiary","no",1445,"no","no","cellular",26,"apr",328,2,143,2,"success","yes"
32,"management","married","tertiary","no",-55,"yes","no","cellular",26,"aug",107,4,-1,0,"unknown","no"
51,"management","single","tertiary","no",297,"yes","no","cellular",15,"may",415,4,375,1,"failure","yes"
37,"management","married","tertiary","no",347,"yes","no","cellular",22,"jul",282,1,-1,0,"unknown","no"
35,"management","married","tertiary","no",1253,"yes","no","unknown",19,"may",210,2,-1,0,"unknown","no"
28,"management","single","tertiary","no",781,"no","no","cellular",9,"apr",125,6,-1,0,"unknown","no"
38,"management","married","tertiary","no",7124,"no","no","unknown",16,"jun",301,6,-1,0,"unknown","no"
56,"management","married","tertiary","no",15520,"no","no","cellular",18,"nov",420,1,-1,0,"unknown","no"
58,"management","divorced","tertiary","no",1533,"no","no","unknown",15,"may",137,2,-1,0,"unknown","no"
47,"management","married","tertiary","no",286,"no","no","cellular",22,"aug",557,7,-1,0,"unknown","no"
38,"management","married","tertiary","no",0,"yes","no","unknown",20,"may",206,1,-1,0,"unknown","no"
39,"management","married","tertiary","no",0,"yes","no","unknown",2,"jun",46,2,-1,0,"unknown","no"
45,"management","married","tertiary","no",3370,"no","no","unknown",12,"jun",36,3,-1,0,"unknown","no"
31,"management","married","tertiary","no",6290,"no","no","cellular",20,"nov",303,2,-1,0,"unknown","no"
46,"management","married","tertiary","no",1375,"yes","no","cellular",17,"nov",308,3,-1,0,"unknown","no"
34,"management","married","tertiary","no",180,"no","no","cellular",16,"jun",298,3,-1,0,"unknown","no"
31,"management","married","tertiary","no",156,"no","no","cellular",13,"aug",657,7,-1,0,"unknown","yes"
50,"management","married","tertiary","no",4374,"yes","no","cellular",21,"nov",163,2,113,3,"failure","no"
57,"management","married","tertiary","no",0,"yes","no","cellular",21,"nov",67,1,-1,0,"unknown","no"
46,"management","married","tertiary","no",-3,"no","no","cellular",28,"aug",205,2,-1,0,"unknown","no"
54,"management","married","tertiary","no",8295,"no","no","cellular",5,"jun",207,1,-1,0,"unknown","yes"
54,"management","divorced","tertiary","no",1295,"yes","no","cellular",21,"jul",179,10,-1,0,"unknown","no"
34,"management","single","tertiary","no",2646,"no","no","cellular",14,"apr",142,1,-1,0,"unknown","yes"
48,"management","divorced","tertiary","no",541,"yes","no","cellular",14,"may",72,1,363,2,"other","no"
38,"management","married","tertiary","no",950,"no","no","cellular",5,"aug",210,2,-1,0,"unknown","no"
44,"management","married","tertiary","no",773,"no","yes","cellular",9,"jul",618,1,-1,0,"unknown","no"
40,"management","married","tertiary","no",-495,"no","yes","cellular",29,"jul",303,2,-1,0,"unknown","no"
36,"management","married","tertiary","no",27359,"yes","no","unknown",3,"jun",71,2,-1,0,"unknown","no"
42,"management","married","tertiary","no",1205,"no","no","telephone",8,"sep",376,2,-1,0,"unknown","yes"
32,"management","single","tertiary","no",656,"yes","yes","cellular",20,"apr",148,2,-1,0,"unknown","no"
35,"management","single","tertiary","no",0,"no","no","cellular",29,"aug",669,6,-1,0,"unknown","no"
49,"management","married","tertiary","no",87,"no","no","cellular",29,"jan",165,1,-1,0,"unknown","no"
58,"management","married","tertiary","no",3228,"no","no","cellular",19,"aug",58,2,-1,0,"unknown","no"
40,"management","single","tertiary","no",1361,"no","no","cellular",29,"jan",1473,1,-1,0,"unknown","yes"
46,"management","married","tertiary","no",273,"yes","no","cellular",18,"mar",910,2,184,4,"success","yes"
59,"management","divorced","tertiary","no",7813,"yes","no","cellular",21,"nov",75,1,-1,0,"unknown","no"
29,"management","single","tertiary","no",1026,"no","no","cellular",12,"nov",226,1,92,1,"other","yes"
37,"management","single","tertiary","no",695,"no","no","cellular",28,"jan",233,1,-1,0,"unknown","no"
66,"management","married","tertiary","no",2169,"no","no","cellular",7,"jul",282,1,-1,0,"unknown","no"
46,"management","divorced","tertiary","no",-154,"yes","yes","unknown",27,"may",107,2,-1,0,"unknown","no"
49,"management","married","tertiary","no",852,"yes","no","cellular",20,"nov",408,1,-1,0,"unknown","no"
40,"management","single","tertiary","no",0,"no","no","cellular",26,"aug",58,7,-1,0,"unknown","no"
52,"management","married","tertiary","no",0,"yes","no","cellular",9,"jul",197,1,-1,0,"unknown","no"
35,"management","married","tertiary","no",175,"yes","no","cellular",7,"aug",257,2,-1,0,"unknown","no"
55,"management","divorced","tertiary","no",-612,"no","no","cellular",26,"aug",131,2,-1,0,"unknown","no"
34,"management","single","tertiary","no",618,"yes","no","unknown",3,"jun",119,4,-1,0,"unknown","no"
58,"management","divorced","tertiary","no",1573,"yes","yes","cellular",17,"nov",279,1,-1,0,"unknown","no"
31,"management","single","tertiary","no",1494,"no","no","cellular",13,"aug",275,12,-1,0,"unknown","no"
38,"management","married","tertiary","no",46,"no","no","cellular",29,"aug",70,4,-1,0,"unknown","no"
40,"management","single","tertiary","no",0,"yes","no","cellular",23,"feb",228,2,182,6,"failure","yes"
54,"management","divorced","tertiary","no",7010,"no","no","cellular",11,"mar",275,2,-1,0,"unknown","no"
33,"management","single","tertiary","no",3170,"no","no","cellular",28,"oct",246,2,-1,0,"unknown","no"
35,"management","single","tertiary","no",2975,"no","no","cellular",8,"aug",249,2,-1,0,"unknown","no"
59,"management","divorced","tertiary","no",0,"yes","no","cellular",31,"jul",52,8,-1,0,"unknown","no"
33,"management","married","tertiary","no",4,"yes","no","cellular",16,"jul",285,5,-1,0,"unknown","no"
45,"management","married","tertiary","no",-192,"yes","no","cellular",6,"may",138,3,-1,0,"unknown","no"
30,"management","married","tertiary","no",1942,"yes","yes","cellular",21,"nov",436,2,178,3,"other","yes"
43,"management","married","tertiary","no",13044,"no","no","cellular",18,"aug",36,4,-1,0,"unknown","no"
44,"management","married","tertiary","no",529,"yes","no","unknown",4,"jun",129,4,-1,0,"unknown","no"
56,"management","married","tertiary","no",318,"no","yes","telephone",9,"jul",246,3,-1,0,"unknown","no"
50,"management","divorced","tertiary","no",201,"yes","no","cellular",24,"jul",248,1,-1,0,"unknown","no"
36,"management","single","tertiary","no",2806,"yes","no","unknown",30,"may",358,4,-1,0,"unknown","no"
56,"management","divorced","tertiary","no",2959,"yes","no","telephone",18,"may",325,1,-1,0,"unknown","no"
38,"management","single","tertiary","no",35,"yes","no","cellular",17,"apr",156,1,273,3,"failure","no"
44,"management","single","tertiary","no",-1313,"yes","yes","cellular",15,"may",104,10,-1,0,"unknown","no"
30,"management","single","tertiary","no",201,"yes","no","cellular",17,"mar",325,2,-1,0,"unknown","yes"
38,"management","divorced","tertiary","no",4335,"yes","no","cellular",20,"nov",640,1,-1,0,"unknown","no"
26,"management","single","tertiary","no",592,"no","no","telephone",29,"jan",145,2,164,1,"other","no"
38,"management","single","tertiary","no",104,"yes","no","cellular",6,"may",606,3,-1,0,"unknown","yes"
58,"management","married","tertiary","no",9339,"yes","no","telephone",18,"nov",52,3,172,3,"other","no"
52,"management","divorced","tertiary","no",50,"yes","no","unknown",12,"jun",84,3,-1,0,"unknown","no"
52,"management","married","tertiary","no",6922,"no","no","cellular",20,"nov",371,1,-1,0,"unknown","no"
35,"management","single","tertiary","no",633,"yes","no","cellular",17,"apr",128,3,-1,0,"unknown","no"
35,"management","divorced","tertiary","no",649,"no","no","cellular",16,"apr",177,1,-1,0,"unknown","no"
31,"management","single","tertiary","no",0,"no","no","cellular",28,"aug",38,16,-1,0,"unknown","no"
33,"management","married","tertiary","no",1412,"yes","no","unknown",19,"aug",480,1,-1,0,"unknown","yes"
43,"management","married","tertiary","no",291,"yes","no","unknown",9,"may",150,2,-1,0,"unknown","no"
34,"management","married","tertiary","no",0,"yes","no","unknown",8,"may",214,2,-1,0,"unknown","no"
37,"management","married","tertiary","no",4089,"yes","no","cellular",2,"feb",289,2,174,4,"other","yes"
62,"management","married","tertiary","no",1859,"no","no","telephone",6,"aug",245,3,-1,0,"unknown","yes"
43,"management","married","tertiary","no",422,"no","no","cellular",12,"aug",110,1,-1,0,"unknown","no"
60,"management","married","tertiary","no",3387,"no","no","cellular",14,"aug",636,2,-1,0,"unknown","no"
52,"management","divorced","tertiary","no",907,"yes","no","unknown",4,"jun",104,2,-1,0,"unknown","no"
56,"management","divorced","tertiary","no",442,"no","no","unknown",28,"may",77,3,-1,0,"unknown","no"
32,"management","married","tertiary","no",3107,"yes","yes","cellular",25,"jul",310,1,-1,0,"unknown","no"
48,"management","married","tertiary","no",363,"no","no","cellular",18,"nov",67,1,-1,0,"unknown","no"
47,"management","married","tertiary","no",-50,"no","yes","cellular",7,"jul",175,1,-1,0,"unknown","no"
54,"management","divorced","tertiary","no",26306,"yes","no","cellular",11,"feb",27,1,84,3,"failure","no"
29,"management","married","tertiary","no",199,"yes","yes","unknown",7,"may",1689,4,-1,0,"unknown","yes"
32,"management","married","tertiary","no",138,"no","no","cellular",20,"aug",94,4,-1,0,"unknown","no"
55,"management","divorced","tertiary","no",1598,"no","no","cellular",22,"aug",607,4,-1,0,"unknown","no"
34,"management","married","tertiary","no",3301,"yes","no","cellular",17,"jun",485,2,227,4,"failure","yes"
34,"management","married","tertiary","no",573,"no","no","cellular",10,"aug",122,1,-1,0,"unknown","no"
46,"management","single","tertiary","no",2154,"yes","no","cellular",21,"jul",87,4,-1,0,"unknown","no"
34,"management","single","tertiary","no",6766,"no","no","cellular",28,"aug",210,5,-1,0,"unknown","no"
46,"management","single","tertiary","no",46,"no","yes","cellular",17,"nov",80,1,152,1,"failure","no"
50,"management","married","tertiary","no",207,"yes","no","cellular",4,"feb",99,1,-1,0,"unknown","no"
37,"management","married","tertiary","no",238,"no","no","cellular",3,"feb",185,1,92,1,"success","yes"
36,"management","single","tertiary","no",1531,"yes","no","cellular",8,"may",81,3,170,1,"failure","no"
41,"management","married","tertiary","no",326,"yes","no","cellular",5,"may",788,1,-1,0,"unknown","yes"
33,"management","single","tertiary","no",99,"no","no","cellular",8,"jul",159,1,-1,0,"unknown","no"
51,"management","married","tertiary","no",-15,"no","no","cellular",25,"jul",212,2,-1,0,"unknown","no"
45,"management","married","tertiary","no",1929,"yes","no","unknown",29,"may",44,15,-1,0,"unknown","no"
34,"management","single","tertiary","no",171,"yes","no","cellular",7,"may",191,1,294,1,"failure","no"
45,"management","married","tertiary","no",-206,"yes","no","cellular",6,"may",337,2,-1,0,"unknown","no"
47,"management","divorced","tertiary","no",2515,"no","no","unknown",20,"jun",40,3,-1,0,"unknown","no"
36,"management","divorced","tertiary","no",5195,"yes","no","unknown",2,"jun",55,25,-1,0,"unknown","no"
33,"management","married","tertiary","no",2098,"no","no","cellular",20,"nov",67,1,-1,0,"unknown","no"
57,"management","married","tertiary","no",320,"no","no","cellular",7,"aug",76,2,-1,0,"unknown","no"
57,"management","married","tertiary","no",3431,"yes","no","unknown",16,"may",73,1,-1,0,"unknown","no"
29,"management","single","tertiary","no",0,"no","no","unknown",16,"may",16,25,-1,0,"unknown","no"
30,"management","married","tertiary","no",102,"yes","no","cellular",5,"apr",470,7,426,3,"other","yes"
35,"management","married","tertiary","no",2682,"yes","no","cellular",9,"jul",156,1,-1,0,"unknown","no"
38,"management","married","tertiary","no",223,"no","no","cellular",28,"jan",63,1,-1,0,"unknown","no"
37,"management","married","tertiary","no",0,"yes","no","unknown",3,"jun",247,13,-1,0,"unknown","no"
35,"management","single","tertiary","no",71,"yes","no","unknown",21,"may",836,12,-1,0,"unknown","no"
30,"management","single","tertiary","no",940,"no","no","cellular",8,"aug",131,2,-1,0,"unknown","no"
56,"management","divorced","tertiary","no",659,"no","yes","cellular",2,"jun",56,1,-1,0,"unknown","no"
35,"management","divorced","tertiary","no",321,"yes","no","unknown",9,"may",189,1,-1,0,"unknown","no"
26,"management","single","tertiary","no",122,"no","yes","cellular",8,"jul",160,1,-1,0,"unknown","no"
32,"management","married","tertiary","no",62,"yes","no","cellular",14,"may",166,1,-1,0,"unknown","no"
54,"management","divorced","tertiary","no",0,"no","yes","cellular",10,"jul",88,1,-1,0,"unknown","no"
31,"management","married","tertiary","no",1343,"yes","yes","unknown",21,"may",85,1,-1,0,"unknown","no"
30,"management","married","tertiary","no",877,"no","no","cellular",13,"aug",202,1,83,5,"failure","no"
31,"management","married","tertiary","no",1750,"yes","no","telephone",14,"may",90,3,-1,0,"unknown","no"
42,"management","married","tertiary","no",251,"no","no","cellular",20,"aug",413,2,-1,0,"unknown","no"
32,"management","single","tertiary","no",1731,"yes","yes","unknown",29,"may",323,3,-1,0,"unknown","no"
62,"management","married","tertiary","no",0,"no","no","cellular",13,"oct",78,3,-1,0,"unknown","no"
44,"management","single","tertiary","no",5063,"no","no","cellular",27,"oct",418,2,-1,0,"unknown","yes"
47,"management","married","tertiary","no",1890,"no","no","cellular",8,"jul",161,1,-1,0,"unknown","no"
40,"management","married","tertiary","no",1548,"yes","no","cellular",13,"apr",101,3,-1,0,"unknown","no"
39,"management","married","tertiary","no",691,"yes","yes","cellular",16,"apr",517,1,255,1,"failure","no"
36,"management","married","tertiary","no",925,"no","no","cellular",14,"dec",321,3,189,4,"success","yes"
42,"management","divorced","tertiary","no",401,"yes","no","cellular",24,"jul",217,9,-1,0,"unknown","no"
29,"management","married","tertiary","no",581,"yes","yes","cellular",14,"jul",192,2,-1,0,"unknown","no"
32,"management","married","tertiary","no",1667,"yes","no","cellular",18,"nov",164,2,179,3,"failure","no"
30,"management","married","tertiary","no",931,"no","no","cellular",17,"jul",1183,1,-1,0,"unknown","no"
34,"management","married","tertiary","no",-73,"yes","no","cellular",11,"jul",90,1,-1,0,"unknown","no"
50,"management","single","tertiary","no",567,"yes","no","unknown",16,"may",274,8,-1,0,"unknown","no"
46,"management","single","tertiary","no",593,"yes","no","cellular",29,"jan",190,3,-1,0,"unknown","no"
37,"management","married","tertiary","no",5355,"no","no","telephone",17,"feb",466,4,-1,0,"unknown","yes"
55,"management","married","tertiary","no",540,"no","no","cellular",19,"nov",124,2,-1,0,"unknown","no"
56,"management","divorced","tertiary","no",-59,"no","yes","cellular",28,"jul",127,6,-1,0,"unknown","no"
30,"management","married","tertiary","no",1882,"yes","no","cellular",11,"aug",249,5,-1,0,"unknown","no"
38,"management","divorced","tertiary","no",4425,"yes","no","unknown",30,"may",162,1,-1,0,"unknown","no"
44,"management","divorced","tertiary","no",476,"yes","yes","unknown",26,"may",127,2,-1,0,"unknown","no"
39,"management","single","tertiary","no",0,"yes","no","cellular",16,"apr",81,2,-1,0,"unknown","no"
48,"management","single","tertiary","no",8106,"no","no","unknown",17,"nov",125,1,111,3,"failure","no"
33,"management","single","tertiary","no",0,"no","no","cellular",19,"aug",53,4,-1,0,"unknown","no"
57,"management","married","tertiary","no",2416,"no","no","cellular",11,"aug",74,2,-1,0,"unknown","no"
31,"management","married","tertiary","no",4148,"yes","no","cellular",21,"nov",316,3,99,9,"other","yes"
37,"management","married","tertiary","no",767,"no","yes","cellular",2,"feb",204,1,-1,0,"unknown","no"
34,"management","single","tertiary","no",184,"no","no","cellular",22,"jul",203,4,-1,0,"unknown","no"
41,"management","married","tertiary","no",251,"no","yes","unknown",6,"jun",85,3,-1,0,"unknown","no"
33,"management","married","tertiary","no",1064,"yes","no","cellular",13,"may",562,1,-1,0,"unknown","yes"
46,"management","married","tertiary","no",477,"yes","no","unknown",20,"may",128,6,-1,0,"unknown","no"
30,"management","single","tertiary","no",775,"yes","no","unknown",16,"jun",124,2,-1,0,"unknown","no"
31,"management","married","tertiary","no",2395,"no","no","cellular",27,"apr",218,1,-1,0,"unknown","no"
38,"management","married","tertiary","no",389,"yes","no","unknown",6,"may",262,1,-1,0,"unknown","no"
46,"management","divorced","tertiary","no",134,"no","no","cellular",19,"aug",134,2,-1,0,"unknown","no"
34,"management","married","tertiary","no",2892,"yes","yes","cellular",30,"jul",1165,7,-1,0,"unknown","no"
52,"management","married","tertiary","no",-1224,"yes","no","cellular",7,"may",253,4,-1,0,"unknown","no"
45,"management","divorced","tertiary","no",959,"no","no","unknown",18,"jun",74,1,-1,0,"unknown","no"
34,"management","married","tertiary","no",0,"no","no","cellular",20,"aug",263,2,-1,0,"unknown","no"
26,"management","single","tertiary","no",-8,"no","no","cellular",13,"aug",402,2,-1,0,"unknown","no"
50,"management","single","tertiary","no",1200,"no","no","cellular",14,"aug",904,3,-1,0,"unknown","yes"
50,"management","married","tertiary","no",1240,"no","no","cellular",12,"aug",474,2,-1,0,"unknown","no"
36,"management","married","tertiary","no",9,"no","no","cellular",11,"aug",386,4,-1,0,"unknown","yes"
40,"management","married","tertiary","no",1734,"yes","no","unknown",2,"jun",169,1,-1,0,"unknown","no"
52,"management","married","tertiary","no",575,"no","no","unknown",3,"jun",315,1,-1,0,"unknown","no"
36,"management","married","tertiary","no",1133,"yes","no","cellular",4,"aug",293,1,181,2,"other","yes"
31,"management","single","tertiary","no",574,"yes","no","cellular",16,"jul",410,2,-1,0,"unknown","no"
36,"management","married","tertiary","no",428,"no","no","unknown",28,"may",121,1,-1,0,"unknown","no"
32,"management","single","tertiary","no",474,"yes","no","cellular",7,"aug",90,3,-1,0,"unknown","no"
31,"management","married","tertiary","no",325,"yes","no","cellular",18,"jul",1139,2,-1,0,"unknown","yes"
29,"management","single","tertiary","no",437,"no","no","cellular",5,"aug",504,1,92,1,"success","yes"
30,"management","single","tertiary","no",4213,"no","no","cellular",25,"aug",142,4,-1,0,"unknown","no"
34,"management","married","tertiary","no",1310,"no","no","telephone",30,"jan",521,3,158,7,"other","no"
39,"management","married","tertiary","no",399,"no","no","cellular",9,"apr",504,1,-1,0,"unknown","no"
55,"management","divorced","tertiary","no",9756,"yes","no","cellular",5,"jun",103,2,95,1,"other","yes"
25,"management","single","tertiary","no",2506,"no","no","cellular",17,"feb",485,1,-1,0,"unknown","yes"
34,"management","married","tertiary","no",697,"no","no","cellular",5,"aug",166,1,-1,0,"unknown","no"
58,"management","married","tertiary","no",541,"yes","no","cellular",8,"may",98,1,-1,0,"unknown","no"
33,"management","married","tertiary","no",287,"yes","no","cellular",15,"may",199,2,274,3,"other","no"
32,"management","married","tertiary","no",273,"yes","yes","cellular",18,"jul",97,3,-1,0,"unknown","no"
32,"management","single","tertiary","no",2629,"no","no","cellular",28,"aug",77,4,-1,0,"unknown","no"
34,"blue-collar","single","tertiary","no",1011,"yes","no","unknown",6,"may",136,1,-1,0,"unknown","no"
34,"management","married","tertiary","no",1657,"yes","no","cellular",18,"may",566,2,356,4,"failure","no"
34,"management","married","tertiary","no",133,"yes","no","unknown",8,"may",65,1,-1,0,"unknown","no"
42,"management","married","tertiary","no",520,"no","no","cellular",4,"nov",158,1,-1,0,"unknown","no"
28,"management","single","tertiary","no",-328,"yes","no","telephone",2,"feb",318,2,-1,0,"unknown","no"
48,"management","single","tertiary","no",414,"no","no","cellular",21,"jul",761,2,-1,0,"unknown","no"
35,"management","divorced","tertiary","no",0,"yes","no","telephone",29,"oct",171,1,-1,0,"unknown","yes"
30,"management","single","tertiary","no",18,"no","no","unknown",20,"may",121,11,-1,0,"unknown","no"
43,"management","married","tertiary","no",2886,"no","no","cellular",20,"nov",230,1,-1,0,"unknown","no"
34,"management","married","tertiary","no",1116,"yes","no","cellular",25,"jul",53,5,-1,0,"unknown","no"
28,"management","single","tertiary","no",2380,"no","no","cellular",14,"sep",394,2,-1,0,"unknown","no"
39,"management","married","tertiary","no",763,"yes","no","cellular",11,"may",877,7,300,2,"other","yes"
36,"management","married","tertiary","no",1582,"no","no","telephone",3,"feb",26,2,197,1,"failure","no"
37,"management","married","tertiary","no",489,"yes","no","cellular",7,"aug",205,5,-1,0,"unknown","no"
33,"management","single","tertiary","no",1439,"yes","no","cellular",3,"jun",178,2,-1,0,"unknown","no"
44,"management","married","tertiary","no",1058,"no","no","cellular",11,"mar",188,3,-1,0,"unknown","yes"
39,"management","married","tertiary","no",562,"no","no","cellular",13,"sep",303,2,-1,0,"unknown","no"
36,"management","single","tertiary","no",0,"no","no","cellular",11,"aug",108,2,-1,0,"unknown","no"
35,"management","single","tertiary","no",2486,"yes","no","cellular",25,"may",265,1,-1,0,"unknown","no"
31,"management","single","tertiary","no",2590,"no","no","cellular",23,"sep",103,2,484,2,"other","no"
36,"management","married","tertiary","no",0,"yes","yes","unknown",3,"jun",599,3,-1,0,"unknown","no"
31,"management","single","tertiary","no",385,"yes","no","unknown",21,"may",304,1,-1,0,"unknown","no"
32,"management","married","tertiary","no",2431,"yes","no","cellular",14,"may",646,5,-1,0,"unknown","yes"
35,"management","divorced","tertiary","no",160,"yes","no","unknown",4,"jun",141,6,-1,0,"unknown","no"
32,"management","single","tertiary","no",0,"no","no","cellular",5,"feb",550,4,-1,0,"unknown","yes"
49,"management","married","tertiary","no",7007,"no","no","cellular",17,"nov",325,2,-1,0,"unknown","no"
32,"management","single","tertiary","no",697,"no","no","cellular",7,"aug",119,1,99,3,"failure","no"
53,"management","married","tertiary","no",4446,"yes","no","unknown",14,"may",429,1,-1,0,"unknown","no"
39,"management","married","tertiary","no",894,"yes","no","cellular",20,"apr",491,1,326,1,"other","no"
34,"management","single","tertiary","no",0,"no","no","cellular",21,"aug",191,2,-1,0,"unknown","no"
44,"management","married","tertiary","no",7635,"no","no","cellular",21,"aug",719,5,-1,0,"unknown","no"
33,"blue-collar","married","tertiary","no",1465,"no","no","cellular",19,"aug",98,4,-1,0,"unknown","no"
27,"management","single","tertiary","no",0,"yes","no","cellular",30,"jan",323,4,-1,0,"unknown","no"
28,"management","single","tertiary","no",1351,"no","no","cellular",10,"dec",267,1,-1,0,"unknown","no"
45,"management","married","tertiary","no",242,"no","no","cellular",30,"apr",587,1,-1,0,"unknown","yes"
35,"management","married","tertiary","no",552,"yes","yes","cellular",19,"nov",314,2,124,1,"failure","no"
31,"management","single","tertiary","no",12569,"no","no","cellular",9,"sep",344,1,295,1,"failure","yes"
36,"management","married","tertiary","no",254,"no","no","unknown",6,"jun",161,3,-1,0,"unknown","no"
35,"management","single","tertiary","no",252,"yes","no","cellular",8,"aug",89,2,-1,0,"unknown","no"
44,"management","divorced","tertiary","no",-710,"yes","no","cellular",10,"jul",183,1,-1,0,"unknown","no"
34,"management","single","tertiary","no",178,"yes","no","cellular",15,"may",14,2,-1,0,"unknown","no"
34,"management","single","tertiary","no",1,"no","no","cellular",19,"nov",582,1,-1,0,"unknown","no"
37,"management","divorced","tertiary","no",0,"yes","no","cellular",11,"may",217,6,-1,0,"unknown","no"
41,"management","married","tertiary","no",140,"yes","no","unknown",5,"jun",65,3,-1,0,"unknown","no"
32,"management","single","tertiary","no",2343,"no","no","cellular",18,"jul",226,1,-1,0,"unknown","no"
40,"management","married","tertiary","no",294,"yes","no","cellular",23,"jul",97,5,-1,0,"unknown","no"
33,"management","single","tertiary","no",23,"no","no","cellular",20,"aug",216,3,-1,0,"unknown","no"
35,"management","married","tertiary","no",0,"no","no","cellular",11,"jul",89,1,-1,0,"unknown","no"
36,"blue-collar","single","tertiary","no",1830,"no","no","cellular",14,"oct",183,1,91,11,"failure","no"
49,"management","divorced","tertiary","no",1904,"no","yes","cellular",17,"nov",131,2,-1,0,"unknown","no"
38,"management","single","tertiary","no",16957,"yes","no","telephone",29,"jan",208,1,247,2,"failure","no"
39,"management","divorced","tertiary","no",26,"no","no","unknown",18,"jun",311,5,-1,0,"unknown","no"
40,"management","married","tertiary","no",0,"no","no","cellular",10,"nov",147,1,96,8,"success","yes"
44,"management","married","tertiary","no",332,"yes","no","cellular",23,"jul",497,5,-1,0,"unknown","no"
48,"management","married","tertiary","no",0,"no","no","cellular",28,"aug",16,16,-1,0,"unknown","no"
43,"management","single","tertiary","no",1696,"yes","no","cellular",26,"aug",257,1,474,3,"failure","yes"
34,"management","single","tertiary","no",318,"yes","no","unknown",9,"may",133,2,-1,0,"unknown","no"
55,"management","married","tertiary","no",2366,"yes","yes","cellular",30,"jul",94,4,-1,0,"unknown","no"
28,"management","single","tertiary","no",224,"yes","no","cellular",2,"feb",97,3,-1,0,"unknown","no"
58,"management","married","tertiary","no",2764,"no","no","cellular",17,"nov",235,1,-1,0,"unknown","no"
46,"management","married","tertiary","no",523,"yes","no","cellular",6,"may",105,4,366,2,"failure","no"
35,"management","single","tertiary","no",0,"no","yes","cellular",14,"aug",370,4,-1,0,"unknown","no"
53,"management","married","tertiary","no",12,"no","no","cellular",27,"aug",345,10,-1,0,"unknown","no"
56,"management","married","tertiary","no",334,"yes","no","unknown",15,"may",127,2,-1,0,"unknown","no"
48,"management","married","tertiary","no",1808,"yes","no","cellular",26,"feb",245,1,-1,0,"unknown","yes"
36,"management","married","tertiary","no",23,"no","no","cellular",26,"aug",133,11,-1,0,"unknown","no"
31,"management","married","tertiary","no",459,"no","no","cellular",28,"aug",13,14,-1,0,"unknown","no"
27,"management","married","tertiary","no",802,"no","no","cellular",22,"sep",569,1,-1,0,"unknown","yes"
53,"management","married","tertiary","no",37,"no","no","cellular",28,"aug",51,9,-1,0,"unknown","no"
55,"management","divorced","tertiary","no",481,"yes","no","telephone",8,"may",147,2,298,3,"failure","no"
32,"management","single","tertiary","no",11797,"yes","no","cellular",11,"aug",95,2,-1,0,"unknown","no"
34,"management","single","tertiary","no",5086,"no","no","cellular",25,"may",213,4,-1,0,"unknown","yes"
41,"management","married","tertiary","no",4824,"no","yes","cellular",18,"jul",168,7,-1,0,"unknown","no"
60,"management","married","tertiary","no",759,"no","no","cellular",14,"aug",136,2,-1,0,"unknown","no"
54,"management","married","tertiary","no",2819,"no","no","cellular",7,"aug",123,3,-1,0,"unknown","no"
31,"management","married","tertiary","no",0,"no","no","unknown",14,"may",298,1,-1,0,"unknown","no"
55,"management","married","tertiary","no",-375,"no","no","cellular",30,"jul",814,2,-1,0,"unknown","yes"
34,"management","married","tertiary","no",1518,"yes","no","cellular",20,"nov",128,2,-1,0,"unknown","no"
53,"management","married","tertiary","no",1343,"no","no","cellular",5,"aug",129,4,-1,0,"unknown","no"
39,"management","single","tertiary","yes",-401,"yes","no","cellular",19,"aug",274,4,-1,0,"unknown","no"
56,"management","married","tertiary","no",856,"yes","yes","cellular",4,"feb",70,4,7,7,"other","no"
39,"management","single","tertiary","no",3797,"no","no","cellular",2,"jun",96,2,-1,0,"unknown","no"
27,"management","single","tertiary","no",390,"no","no","cellular",28,"oct",190,1,82,1,"success","no"
38,"management","married","tertiary","no",2278,"yes","yes","cellular",13,"may",244,1,-1,0,"unknown","no"
36,"management","married","tertiary","no",495,"no","no","cellular",12,"mar",213,3,182,6,"success","yes"
35,"management","married","tertiary","no",24,"yes","no","cellular",8,"apr",169,1,231,2,"failure","no"
36,"management","single","tertiary","no",613,"no","no","cellular",7,"aug",86,2,-1,0,"unknown","no"
32,"blue-collar","single","tertiary","no",3014,"yes","no","cellular",7,"may",291,2,-1,0,"unknown","no"
56,"management","married","tertiary","no",21664,"no","no","unknown",17,"jun",214,8,-1,0,"unknown","no"
32,"management","married","tertiary","no",5878,"no","no","cellular",19,"aug",159,2,-1,0,"unknown","no"
31,"blue-collar","single","tertiary","no",2197,"yes","no","unknown",23,"may",146,3,-1,0,"unknown","no"
36,"management","married","tertiary","no",1477,"no","no","cellular",7,"aug",71,2,-1,0,"unknown","no"
58,"management","married","tertiary","no",16264,"no","no","telephone",17,"nov",215,3,-1,0,"unknown","no"
40,"management","married","tertiary","no",1217,"yes","yes","cellular",18,"nov",155,1,-1,0,"unknown","no"
38,"management","single","tertiary","no",427,"yes","no","cellular",6,"may",17,3,169,2,"failure","no"
33,"management","divorced","tertiary","no",0,"yes","yes","cellular",19,"aug",275,8,-1,0,"unknown","no"
25,"management","single","tertiary","no",808,"no","no","cellular",18,"sep",267,2,114,2,"failure","yes"
59,"management","married","tertiary","no",0,"no","no","cellular",27,"aug",87,4,-1,0,"unknown","no"
32,"management","single","tertiary","no",537,"no","no","unknown",29,"may",187,3,-1,0,"unknown","no"
32,"management","single","tertiary","no",112,"yes","no","cellular",5,"may",118,1,-1,0,"unknown","no"
34,"management","divorced","tertiary","no",13204,"yes","yes","cellular",20,"nov",197,2,-1,0,"unknown","no"
31,"management","married","tertiary","no",22546,"yes","no","cellular",14,"may",8,6,267,4,"failure","no"
36,"management","married","tertiary","no",340,"yes","no","cellular",20,"apr",68,2,-1,0,"unknown","no"
26,"management","married","tertiary","no",265,"no","no","cellular",30,"jan",650,2,-1,0,"unknown","no"
54,"management","married","tertiary","no",384,"yes","no","cellular",12,"may",30,7,-1,0,"unknown","no"
47,"management","divorced","tertiary","no",94,"yes","no","cellular",31,"jul",9,19,-1,0,"unknown","no"
35,"management","married","tertiary","no",365,"no","no","cellular",21,"nov",168,2,-1,0,"unknown","no"
32,"management","single","tertiary","no",1160,"yes","yes","unknown",11,"jun",450,2,-1,0,"unknown","no"
46,"management","married","tertiary","no",1285,"yes","no","unknown",27,"may",89,1,-1,0,"unknown","no"
32,"management","single","tertiary","no",131,"no","no","unknown",3,"jun",267,3,-1,0,"unknown","no"
43,"management","married","tertiary","no",348,"no","yes","cellular",15,"jul",88,3,-1,0,"unknown","no"
40,"management","divorced","tertiary","no",502,"yes","no","cellular",3,"feb",267,4,270,3,"other","no"
38,"management","single","tertiary","no",8669,"yes","no","telephone",20,"apr",5,3,150,6,"failure","no"
36,"management","married","tertiary","no",9324,"yes","no","cellular",30,"mar",138,8,-1,0,"unknown","no"
57,"management","married","tertiary","no",0,"no","no","cellular",19,"aug",188,4,-1,0,"unknown","no"
30,"management","single","tertiary","no",47,"no","yes","cellular",31,"jul",11,17,-1,0,"unknown","no"
36,"management","single","tertiary","no",1283,"no","no","cellular",18,"aug",92,5,-1,0,"unknown","no"
26,"management","single","tertiary","no",1177,"no","no","cellular",19,"oct",116,1,-1,0,"unknown","no"
29,"management","single","tertiary","no",21,"yes","no","cellular",14,"may",107,4,371,3,"failure","no"
53,"management","married","tertiary","no",146,"no","no","unknown",30,"may",150,1,-1,0,"unknown","no"
30,"management","single","tertiary","no",6164,"yes","no","unknown",27,"may",152,11,-1,0,"unknown","no"
42,"management","divorced","tertiary","no",221,"yes","no","unknown",7,"may",720,2,-1,0,"unknown","no"
40,"management","married","tertiary","no",89,"yes","yes","telephone",9,"feb",148,6,-1,0,"unknown","no"
40,"management","married","tertiary","no",7780,"no","no","telephone",4,"may",364,1,355,1,"other","no"
66,"management","single","tertiary","no",6483,"no","no","cellular",13,"aug",275,1,-1,0,"unknown","no"
47,"management","married","tertiary","no",2306,"no","no","telephone",6,"aug",239,4,-1,0,"unknown","yes"
36,"management","single","tertiary","no",-679,"yes","yes","cellular",7,"may",172,1,93,1,"failure","no"
58,"management","single","tertiary","no",331,"no","yes","cellular",28,"jul",82,3,-1,0,"unknown","no"
